mysqldump: [Warning] Using a password on the command line interface can be insecure.
-- MySQL dump 10.13  Distrib 8.0.45, for Win64 (x86_64)
--
-- Host: localhost    Database: dragon_raja_forum
-- ------------------------------------------------------
-- Server version	8.0.45

/*!40101 SET @OLD_CHARACTER_SET_CLIENT=@@CHARACTER_SET_CLIENT */;
/*!40101 SET @OLD_CHARACTER_SET_RESULTS=@@CHARACTER_SET_RESULTS */;
/*!40101 SET @OLD_COLLATION_CONNECTION=@@COLLATION_CONNECTION */;
/*!50503 SET NAMES utf8mb4 */;
/*!40103 SET @OLD_TIME_ZONE=@@TIME_ZONE */;
/*!40103 SET TIME_ZONE='+00:00' */;
/*!40014 SET @OLD_UNIQUE_CHECKS=@@UNIQUE_CHECKS, UNIQUE_CHECKS=0 */;
/*!40014 SET @OLD_FOREIGN_KEY_CHECKS=@@FOREIGN_KEY_CHECKS, FOREIGN_KEY_CHECKS=0 */;
/*!40101 SET @OLD_SQL_MODE=@@SQL_MODE, SQL_MODE='NO_AUTO_VALUE_ON_ZERO' */;
/*!40111 SET @OLD_SQL_NOTES=@@SQL_NOTES, SQL_NOTES=0 */;

--
-- Table structure for table `announcement`
--

DROP TABLE IF EXISTS `announcement`;
/*!40101 SET @saved_cs_client     = @@character_set_client */;
/*!50503 SET character_set_client = utf8mb4 */;
CREATE TABLE `announcement` (
  `id` bigint NOT NULL AUTO_INCREMENT COMMENT '公告ID',
  `title` varchar(200) NOT NULL COMMENT '公告标题',
  `content` text NOT NULL COMMENT '公告内容',
  `is_top` tinyint NOT NULL DEFAULT '1' COMMENT '是否置顶：0-否 1-是',
  `user_id` bigint NOT NULL COMMENT '发布者用户ID（管理员）',
  `create_time` datetime NOT NULL DEFAULT CURRENT_TIMESTAMP COMMENT '创建时间',
  `update_time` datetime NOT NULL DEFAULT CURRENT_TIMESTAMP ON UPDATE CURRENT_TIMESTAMP COMMENT '更新时间',
  PRIMARY KEY (`id`)
) ENGINE=InnoDB AUTO_INCREMENT=5 DEFAULT CHARSET=utf8mb4 COLLATE=utf8mb4_0900_ai_ci COMMENT='公告表';
/*!40101 SET character_set_client = @saved_cs_client */;

--
-- Dumping data for table `announcement`
--

LOCK TABLES `announcement` WRITE;
/*!40000 ALTER TABLE `announcement` DISABLE KEYS */;
INSERT INTO `announcement` VALUES (2,'欢迎来到龙族社区','各位学员，欢迎加入混血种社区。本社区包含学院新闻、守夜人讨论区、诺玛邮件系统及联系人等板块。请遵守学院规章，文明交流。愿秘党之光与你同在。',1,1,'2026-07-10 12:12:07','2026-07-10 14:30:37');
/*!40000 ALTER TABLE `announcement` ENABLE KEYS */;
UNLOCK TABLES;

--
-- Table structure for table `comment`
--

DROP TABLE IF EXISTS `comment`;
/*!40101 SET @saved_cs_client     = @@character_set_client */;
/*!50503 SET character_set_client = utf8mb4 */;
CREATE TABLE `comment` (
  `id` bigint NOT NULL AUTO_INCREMENT COMMENT '评论ID',
  `post_id` bigint NOT NULL COMMENT '所属帖子ID',
  `user_id` bigint NOT NULL COMMENT '评论者用户ID',
  `content` varchar(1000) NOT NULL COMMENT '评论内容',
  `reply_to_id` bigint DEFAULT NULL COMMENT '回复的评论ID（一级评论为null）',
  `create_time` datetime NOT NULL DEFAULT CURRENT_TIMESTAMP COMMENT '创建时间',
  PRIMARY KEY (`id`),
  KEY `idx_post_id` (`post_id`),
  KEY `idx_user_id` (`user_id`),
  KEY `idx_reply_to_id` (`reply_to_id`)
) ENGINE=InnoDB AUTO_INCREMENT=664 DEFAULT CHARSET=utf8mb4 COLLATE=utf8mb4_0900_ai_ci COMMENT='评论表';
/*!40101 SET character_set_client = @saved_cs_client */;

--
-- Dumping data for table `comment`
--

LOCK TABLES `comment` WRITE;
/*!40000 ALTER TABLE `comment` DISABLE KEYS */;
INSERT INTO `comment` VALUES (474,11,42,'炼金物品失踪不是小事。建议先检查冰窖的出入记录。',NULL,'2026-07-08 10:04:49'),(475,11,43,'加图索家有一些炼金术方面的资料，需要的话可以借阅。',NULL,'2026-07-09 12:03:49'),(476,11,45,'我好像在诺玛的交易板上看到过有人在卖这类东西。',NULL,'2026-07-08 16:25:49'),(477,11,47,'执行部已关注此事。近期会加强冰窖周边巡逻。',NULL,'2026-07-11 04:11:49'),(478,12,42,'图书馆地下的东西，看到了就当没看到。',NULL,'2026-07-11 03:59:49'),(479,12,45,'师弟，图书馆地下三层以后别去了。师兄我当年也去过，然后被施耐德教授训了三个小时。',NULL,'2026-07-10 06:58:49'),(480,12,50,'图书馆地下的区域属于禁区，擅自进入将按校规处理。',NULL,'2026-07-11 07:08:49'),(481,12,46,'哇你看到了什么？是不是那个发光的封印阵？我也见过！',NULL,'2026-07-08 17:36:49'),(482,12,47,'……又是图书馆。我已经不想再写关于图书馆的报告了。',NULL,'2026-07-08 12:34:49'),(483,13,43,'楚会长每年招新都这么认真。学生会这边也欢迎新人。',NULL,'2026-07-11 03:34:49'),(484,13,46,'狮心会招新啦！师妹们快来报名，师姐带你们飞！',NULL,'2026-07-11 06:43:49'),(485,13,45,'加入狮心会可以免体能测试吗？不能？那我不加了。',NULL,'2026-07-10 15:54:49'),(486,13,42,'报名截止本周五。过期不候。',NULL,'2026-07-10 12:22:49'),(487,15,43,'作为学生会主席，照顾新生是应该的。',NULL,'2026-07-08 18:59:49'),(488,15,44,'哈哈哈哈哈我就知道这事会上论坛。恺撒你是真的很宠他。',NULL,'2026-07-10 15:13:49'),(489,15,45,'主席你什么时候也帮我订个座？我已经三年没被人请过客了。',NULL,'2026-07-08 13:38:49'),(490,15,51,'路明非哥哥有很多人照顾呢。绘梨衣也想要被照顾！',NULL,'2026-07-08 11:55:49'),(491,15,52,'哥哥人缘真好呢。不过……那些人真的只是\"照顾\"吗？',NULL,'2026-07-10 05:52:49'),(492,16,43,'今年自由一日的确准备不足。明年不会了。',NULL,'2026-07-10 17:17:49'),(493,16,42,'狮心会的战术配合更默契而已。明年你们可以改进。',NULL,'2026-07-10 13:04:49'),(494,16,45,'主席你不能全怪路明非啊，他一个人扛了对面三个！虽然是误打误撞。',NULL,'2026-07-09 17:30:49'),(495,16,44,'我在旁边看了全程，说实话路明非那个躲闪动作真的可以。',NULL,'2026-07-10 22:32:49'),(496,16,47,'战报已收录至执行部档案。数据翔实，分析到位。',NULL,'2026-07-09 07:51:49'),(497,17,42,'这些史料我在狮心会的旧档案里见过。可信度很高。',NULL,'2026-07-09 08:21:49'),(498,17,49,'这些资料涉及保密等级。建议不要在公开论坛讨论。',NULL,'2026-07-09 11:08:49'),(499,17,16,'历史总是由胜利者书写的。但真相……往往藏在字里行间。',NULL,'2026-07-08 15:04:49'),(500,17,50,'如需查阅相关档案，请通过诺玛提交正式申请。',NULL,'2026-07-08 21:18:49'),(501,20,42,'3E考试的核心是心像考验。不要试图控制它，让它自然发生。',NULL,'2026-07-09 12:56:49'),(502,20,43,'镰鼬就是在3E考试中觉醒的。那种感觉很难描述——就像世界突然有了声音。',NULL,'2026-07-09 02:21:49'),(503,20,45,'我考了三次3E才勉强通过。师弟师妹们别紧张，实在不行就像我一样——放弃治疗。',NULL,'2026-07-09 10:30:49'),(504,20,44,'路明非考完3E出来整个人都是懵的，然后被告知是S级。那个表情我能笑一年。',NULL,'2026-07-09 05:03:49'),(505,20,46,'3E考试最怕的不是考不好，是考到一半言灵失控把考场炸了。别问我怎么知道的。',NULL,'2026-07-08 21:17:49'),(506,20,51,'绘梨衣考3E的时候睡着了……然后醒来就是S级了。绘梨衣也不知道为什么。',NULL,'2026-07-10 18:41:49'),(507,20,52,'哥哥考了S级呢。不愧是我选中的人。',NULL,'2026-07-10 08:11:49'),(508,21,42,'北欧的任务我参加过。那里的环境会对血统产生特殊影响。',NULL,'2026-07-10 10:11:49'),(509,21,49,'执行部已收到简报。相关人员在出发前请到医疗部做血统检测。',NULL,'2026-07-10 14:46:49'),(510,21,47,'我在北欧待过。带上足够的保暖装备，以及——一把好刀。',NULL,'2026-07-10 14:08:49'),(511,21,43,'如果需要加图索家族的支援，说一声。',NULL,'2026-07-11 04:17:49'),(517,31,43,'狮心会招新有实战演练？这倒是不错的方式。学生会的选拔也可以参考。',NULL,'2026-07-09 05:21:49'),(518,31,46,'来狮心会吧！我们有最帅的会长，最好的训练场地，还有一个会偷吃零食的副会长！',NULL,'2026-07-09 15:13:49'),(519,31,45,'体能测试要跑多少米？超过一千米我就不报名了。',NULL,'2026-07-08 17:39:49'),(520,31,42,'不要求长跑成绩。但剑术基础至少要有。',NULL,'2026-07-10 18:59:49'),(521,32,42,'派对很热闹。但请控制音量，宿舍区十点后需要安静。',NULL,'2026-07-11 05:37:49'),(522,32,44,'今年派对我负责布置！保证比去年好看！',NULL,'2026-07-10 20:58:49'),(523,32,45,'去年的派对我喝到了校长的珍藏红酒，今年的酒水预算不会降吧？',NULL,'2026-07-08 15:25:49'),(524,32,47,'执行部将派员维护当晚秩序。请文明饮酒。',NULL,'2026-07-11 01:09:49'),(525,33,47,'你说的那个地方我已经上报执行部了。',NULL,'2026-07-10 00:01:49'),(526,33,50,'图书馆四楼属于管制区域。再次违规将记过处分。',NULL,'2026-07-09 16:00:49'),(527,33,45,'夏弥师妹你又来了哈哈哈哈你是不是想把卡塞尔每一个秘密角落都挖出来？',NULL,'2026-07-10 08:22:49'),(528,33,43,'听起来是个约会的好地方。记下了。',NULL,'2026-07-09 21:47:49'),(529,34,3,'芬格尔师兄推荐的一定要去试试！不过你上次推荐的\"美味营养餐\"可是让我拉了三天肚子。',NULL,'2026-07-10 11:57:49'),(530,34,44,'吃过了。牛肉拉面确实不错，加个煎蛋更香。',NULL,'2026-07-10 13:08:49'),(531,34,51,'绘梨衣也去吃了！不辣的好吃！老板叔叔还多给了绘梨衣几块牛肉！',NULL,'2026-07-08 10:55:49'),(532,34,43,'能让芬格尔连续吃三天的店，确实值得一试。',NULL,'2026-07-10 02:01:49'),(533,34,42,'碳水摄入过多会影响训练状态。适量即可。',NULL,'2026-07-10 11:42:49'),(534,35,47,'归档。下次巡逻我会检查那具标本。',NULL,'2026-07-08 09:22:49'),(535,35,42,'冰窖C区的温度波动需要关注，可能跟封印有关。',NULL,'2026-07-08 16:34:49'),(536,35,45,'零师姐的巡逻报告永远是最标准的。不像某些人的报告，写得像小说。',NULL,'2026-07-11 04:26:49'),(537,35,49,'C区温度异常已记录。技术部下周会进行全面检查。',NULL,'2026-07-11 05:46:49'),(538,35,52,'冰窖里那具标本，左眼确实会发光呢。毕竟——它还没有完全死去。',NULL,'2026-07-09 01:29:49'),(539,37,3,'我也看到了！白色的那只对吧？它特别亲人。',NULL,'2026-07-10 21:07:49'),(540,37,44,'那只猫已经是学院的编外成员了。芬格尔还给它起名叫\"食堂三楼的霸王\"。',NULL,'2026-07-08 21:59:49'),(541,37,47,'校园内的流浪动物由后勤部统一管理。可以投喂，禁止带回宿舍。',NULL,'2026-07-11 08:07:49'),(542,37,45,'我作证，那只猫比我还能吃。昨天它抢了我半根火腿肠。',NULL,'2026-07-10 23:46:49'),(543,37,51,'大家好，这是棉花糖和巧克力！棉花糖是妈妈，巧克力是宝宝！',NULL,'2026-07-08 18:04:49'),(544,38,3,'你小子到底在哪？？？每次发完消息人就消失了。',NULL,'2026-07-09 06:06:49'),(545,38,42,'路明非，你弟弟的事……如果需要帮忙，说一声。',NULL,'2026-07-09 01:30:49'),(546,38,43,'有意思的角色。我查过诺玛的记录，没有这个学生的档案。',NULL,'2026-07-09 16:30:49'),(547,38,47,'执行部没有关于\"路鸣泽\"的任何登记信息。',NULL,'2026-07-09 05:58:49'),(548,38,52,'哥哥别找了。等你想见我的时候，我自然会出现的。',NULL,'2026-07-09 11:11:49'),(549,39,3,'诺诺师姐你这是在点名批评我吧？？我好歹也是个S级，给点面子啊！',NULL,'2026-07-08 10:00:49'),(550,39,45,'总结得太到位了。我建议把这个帖子置顶，让每一个新生都看看。',NULL,'2026-07-10 19:24:49'),(551,39,42,'观察细致。不过S级的潜力往往在关键时刻才会显现。',NULL,'2026-07-08 12:53:49'),(552,39,43,'这个描述……我怎么觉得在说一年前的自己。',NULL,'2026-07-08 22:43:49'),(553,39,46,'哈哈哈哈诺诺师姐你这个帖子我要收藏！路明非你看看你多出名！',NULL,'2026-07-10 04:18:49'),(554,62,43,'楚子航难得说这么多话。不过——我同意。',NULL,'2026-07-10 10:46:49'),(555,62,46,'会长说得真好！狮心会训练的时候他也是这么教我们的。',NULL,'2026-07-08 12:22:49'),(556,62,45,'说得我都想去练剑了。不过还是先吃完这碗拉面再说。',NULL,'2026-07-08 17:48:49'),(557,62,47,'村雨的持有者，说出这番话很有分量。',NULL,'2026-07-10 08:21:49'),(558,62,49,'执行部的理念也是保护。只是我们保护的方式——不太温柔。',NULL,'2026-07-08 11:46:49'),(559,63,46,'会长！我真的是有正事！我去……买冰淇淋了。',NULL,'2026-07-09 16:20:49'),(560,63,44,'夏弥你是真的勇。擅自离校还敢发帖跟会长顶嘴。',NULL,'2026-07-09 00:05:49'),(561,63,45,'师妹别怕！师兄我被记过27次了，现在还活得好好的！',NULL,'2026-07-09 04:06:49'),(562,63,50,'夏弥同学，明天下午三点，风纪委员会办公室。',NULL,'2026-07-10 19:45:49'),(563,63,43,'楚子航的处罚方式很有意思。\"罚扫训练场\"——听起来像恩赐而不是惩罚。',NULL,'2026-07-08 13:04:49'),(564,84,42,'王不是自己封的。是别人愿意跟随你，你才是王。',NULL,'2026-07-10 03:37:49'),(565,84,44,'恺撒难得正经一回。不过说得对，我支持。',NULL,'2026-07-08 18:01:49'),(566,84,45,'主席你这话要是让你家族的人听到，他们可能会震惊。',NULL,'2026-07-08 16:24:49'),(567,84,47,'有道理。执行部的原则也是——走在最前面。',NULL,'2026-07-09 11:41:49'),(568,84,52,'真正的王愿意为身后的人挡住第一刀……这话说得真好。但哥哥，你看到了吗？',NULL,'2026-07-08 13:02:49'),(569,83,42,'领袖不是位置，是担当。',NULL,'2026-07-08 15:20:49'),(570,83,51,'听不太懂……但是感觉好厉害！',NULL,'2026-07-10 11:00:49'),(571,83,47,'领袖的定义有很多种。但恺撒说的这种，值得尊重。',NULL,'2026-07-11 04:50:49'),(572,68,45,'主席你这是针对我！食堂靠窗的位置我睡了两年了！',NULL,'2026-07-10 19:37:49'),(573,68,44,'芬格尔师兄，规定就是规定。你要睡觉回宿舍睡。',NULL,'2026-07-09 16:05:49'),(574,68,46,'哈哈哈哈终于有人管管芬格尔师兄的占座行为了。',NULL,'2026-07-10 16:58:49'),(575,68,43,'规定就是规定。如有异议，请书面提交申诉。',NULL,'2026-07-10 09:30:49'),(576,70,46,'我去我去！好久没出学院了！',NULL,'2026-07-09 16:14:49'),(577,70,51,'绘梨衣也想去！绘梨衣想买新的发卡！',NULL,'2026-07-08 22:03:49'),(578,70,45,'男生可以帮忙拎包吗？我可以！',NULL,'2026-07-10 23:13:49'),(579,70,44,'@fingel_von 你上次说帮忙拎包，结果拎了两袋零食回来。拒绝。',NULL,'2026-07-11 06:07:49'),(580,71,3,'芬格尔师兄的测评——可信度极高。毕竟他吃了七年。',NULL,'2026-07-10 16:19:49'),(581,71,44,'食堂三楼的拉面窗口真的是神级推荐。',NULL,'2026-07-08 08:19:49'),(582,71,43,'食堂测评这个系列不错。下一期写学院咖啡厅吧。',NULL,'2026-07-09 16:41:49'),(583,71,47,'数据详实。建议归档为学院生活指南。',NULL,'2026-07-08 15:18:49'),(584,71,51,'绘梨衣也觉得食堂三楼的拉面最好吃！',NULL,'2026-07-10 22:32:49'),(585,72,3,'师兄你这话说出来，校长办公室的血压又要升高了。',NULL,'2026-07-11 06:11:49'),(586,72,50,'芬格尔同学，你的毕业论文已经延期三年了。',NULL,'2026-07-08 15:29:49'),(587,72,43,'我让人事部把你的毕业年限录入系统了。如果今年再不交，系统会自动报警。',NULL,'2026-07-10 16:26:49'),(588,72,45,'主席！你这是赶尽杀绝！',NULL,'2026-07-08 15:30:49'),(589,72,44,'芬格尔师兄，是时候面对现实了。',NULL,'2026-07-11 06:14:49'),(590,73,42,'……那个房间是我私人用的。你怎么找到的。',NULL,'2026-07-10 03:28:49'),(591,73,46,'会长！我不是故意的！就是……不小心推开了那扇门！',NULL,'2026-07-09 17:45:49'),(592,73,45,'楚师兄看漫画？！这是什么惊天大新闻！',NULL,'2026-07-09 20:13:49'),(593,73,44,'哈哈哈哈楚师兄的秘密基地被曝光了！我要去看！',NULL,'2026-07-09 17:59:49'),(594,73,43,'楚会长，没想到你还有这一面。失敬失敬。',NULL,'2026-07-11 03:17:49'),(595,74,42,'实战技巧分享值得肯定。但第四条攻击方式建议删掉。',NULL,'2026-07-09 14:00:49'),(596,74,45,'学会了！下次跟人打架我就用这招！',NULL,'2026-07-10 18:57:49'),(597,74,47,'风王之瞳的侦查能力确实优秀。执行部的战术手册可以参考。',NULL,'2026-07-10 00:59:49'),(598,74,50,'夏弥同学，你还没有吸取上次的教训吗。',NULL,'2026-07-11 02:24:49'),(599,75,42,'C区存放的东西确实不适合大多数人看到。',NULL,'2026-07-08 14:14:49'),(600,75,45,'我去过一次……然后做了一周的噩梦。',NULL,'2026-07-10 03:54:49'),(601,75,43,'越是不让进的地方，越有人想进。这是人性。',NULL,'2026-07-09 20:19:49'),(602,75,47,'所以我的工作就是守住这些\"不让进\"的地方。',NULL,'2026-07-10 11:28:49'),(603,77,3,'我举报！芬格尔师兄那天确实在女生宿舍楼下！',NULL,'2026-07-11 05:21:49'),(604,77,45,'冤枉啊！我只是路过去食堂！再说小鱼干是咸的我又不是猫！',NULL,'2026-07-08 16:46:49'),(605,77,44,'可是芬格尔师兄，你当时嘴里确实在嚼东西。我有照片为证。',NULL,'2026-07-11 00:53:49'),(606,77,47,'绘梨衣，下次小鱼干放我房间。我帮你看着。',NULL,'2026-07-09 21:13:49'),(607,77,51,'谢谢零姐姐！绘梨衣下次多做一份给零姐姐！',NULL,'2026-07-11 00:10:49'),(608,78,3,'绘梨衣做的巧克力超好吃！！！我给满分！',NULL,'2026-07-10 09:52:49'),(609,78,44,'绘梨衣真棒！下次师姐教你做草莓巧克力！',NULL,'2026-07-09 12:13:49'),(610,78,47,'进步很大。下次注意隔水加热的温度。',NULL,'2026-07-09 10:50:49'),(611,78,45,'我也想要！为什么我没有！我也对绘梨衣很好的！',NULL,'2026-07-09 06:17:49'),(612,78,51,'好呀好呀！绘梨衣做抹茶味的请大家吃！',NULL,'2026-07-08 22:21:49'),(613,79,43,'帕西的保养手艺一直是最好的。狄克推多跟了我这么多年，依然如新。',NULL,'2026-07-10 07:59:49'),(614,79,42,'村雨的保养方式不太一样。有机会可以交流。',NULL,'2026-07-09 19:04:49'),(615,79,45,'我的刀……好像放在某个角落生锈了。',NULL,'2026-07-11 08:02:49'),(616,79,47,'定期保养武器是好习惯。冰窖里的标本不需要保养，但也需要定期检查。',NULL,'2026-07-10 01:35:49'),(617,82,43,'雨中训练——加图索家的传统。楚会长，这方面我们倒是想到一块去了。',NULL,'2026-07-10 15:42:49'),(618,82,46,'会长又在号召大家训练了。你们别去！听我的！',NULL,'2026-07-10 01:22:49'),(619,82,45,'雨天训练？不了谢谢。我选择在宿舍的被窝里远程支持你们。',NULL,'2026-07-09 00:16:49'),(620,82,42,'明天有雨。训练场六点开门。',NULL,'2026-07-10 15:30:49'),(621,85,42,'同意。下次联合训练我不会留手的。',NULL,'2026-07-09 15:18:49'),(622,85,46,'哇！会长和学生会主席要联手训练了！我要围观！',NULL,'2026-07-10 19:20:49'),(623,85,44,'你们两个终于想通了。我一直觉得你们较劲挺浪费时间的。',NULL,'2026-07-09 04:30:49'),(624,85,45,'两大高手联手训练——建议卖门票，收入归学生会经费。',NULL,'2026-07-11 01:56:49'),(625,85,47,'执行部会派观察员记录训练数据。',NULL,'2026-07-08 19:14:49'),(626,87,3,'绘梨衣你怎么把这事也发上来了……怪不好意思的。',NULL,'2026-07-11 02:40:49'),(627,87,44,'路明非你明明就是个很温柔的人，干嘛总装作一副吊儿郎当的样子。',NULL,'2026-07-08 10:36:49'),(628,87,47,'路明非，继续保持。',NULL,'2026-07-08 17:34:49'),(629,87,45,'没想到师弟还是个暖男！师兄我感动了！今晚请我吃饭吧！',NULL,'2026-07-08 15:35:49'),(630,87,51,'路明非哥哥就是很温柔！绘梨衣说的都是真的！',NULL,'2026-07-10 01:33:49'),(631,88,3,'你能不能别每次都发这种让人心里发毛的话……',NULL,'2026-07-10 19:35:49'),(632,88,42,'路鸣泽，如果你真的关心你哥，不如当面跟他谈谈。',NULL,'2026-07-11 01:49:49'),(633,88,43,'这个论坛上最神秘的用户。你的ID我查不到任何信息。',NULL,'2026-07-10 11:24:49'),(634,88,47,'查无此人。但消息确实发出来了。',NULL,'2026-07-11 06:17:49'),(635,88,52,'哥哥，当面谈就没意思了。我喜欢在暗处看着你。',NULL,'2026-07-08 12:19:49'),(636,89,43,'帕西，你总是这样——默默付出，从不邀功。',NULL,'2026-07-09 08:47:49'),(637,89,42,'忠诚是一种选择。帕西选择了值得效忠的人。',NULL,'2026-07-08 12:33:49'),(638,89,47,'记录详实。值得执行部学习。',NULL,'2026-07-08 21:46:49'),(639,89,53,'职责所在。',NULL,'2026-07-09 10:17:49'),(640,90,3,'零师姐你看到了！那个……我就是觉得他一个人在里面挺可怜的。',NULL,'2026-07-08 19:42:49'),(641,90,47,'我知道。所以我把小鱼干放回去了。',NULL,'2026-07-09 22:29:49'),(642,90,45,'路明非给冰窖里的东西送吃的？！师弟你的胆子是越来越大了！',NULL,'2026-07-09 18:55:49'),(643,90,42,'康斯坦丁……你见过他了？',NULL,'2026-07-08 13:47:49'),(644,90,3,'没见到本人……不对，本龙。我就是把小鱼干放在门口了。',NULL,'2026-07-09 06:07:49'),(645,90,52,'哥哥真是个善良的人呢。不过——小心别喂太多，龙王也是会挑食的。',NULL,'2026-07-10 22:45:49'),(646,80,1,'你挺仁义',NULL,'2026-07-11 09:42:07'),(648,95,77,'我所在区域同样遭受极大温度困扰',NULL,'2026-07-11 15:03:48'),(649,93,80,'有龙王诞生的迹象吗',NULL,'2026-07-11 15:25:27'),(652,95,80,'我执行任务的辖区也被影响，疑似青铜与火之王复苏',NULL,'2026-07-11 15:27:17'),(653,82,80,'雨中训练吗？有点意思',NULL,'2026-07-11 15:29:15'),(655,95,1,'祝好运',652,'2026-07-11 19:36:27'),(656,87,1,'你小子最精了',626,'2026-07-11 19:39:31'),(661,93,3,'不太确定，道听途说的😁',649,'2026-07-11 23:29:59'),(662,92,3,'注册审核在左上角导航栏！',NULL,'2026-07-12 00:32:31');
/*!40000 ALTER TABLE `comment` ENABLE KEYS */;
UNLOCK TABLES;

--
-- Table structure for table `friend`
--

DROP TABLE IF EXISTS `friend`;
/*!40101 SET @saved_cs_client     = @@character_set_client */;
/*!50503 SET character_set_client = utf8mb4 */;
CREATE TABLE `friend` (
  `id` bigint NOT NULL AUTO_INCREMENT COMMENT '关系ID',
  `user_id` bigint NOT NULL COMMENT '用户ID',
  `friend_id` bigint NOT NULL COMMENT '好友ID',
  `status` tinyint NOT NULL DEFAULT '0' COMMENT '状态：0-待接受 1-已接受 2-已拒绝',
  `create_time` datetime NOT NULL DEFAULT CURRENT_TIMESTAMP COMMENT '创建时间',
  `update_time` datetime NOT NULL DEFAULT CURRENT_TIMESTAMP ON UPDATE CURRENT_TIMESTAMP COMMENT '更新时间',
  PRIMARY KEY (`id`),
  UNIQUE KEY `uk_user_friend` (`user_id`,`friend_id`),
  KEY `idx_user_id` (`user_id`),
  KEY `idx_friend_id` (`friend_id`)
) ENGINE=InnoDB AUTO_INCREMENT=224 DEFAULT CHARSET=utf8mb4 COLLATE=utf8mb4_0900_ai_ci COMMENT='好友关系表';
/*!40101 SET character_set_client = @saved_cs_client */;

--
-- Dumping data for table `friend`
--

LOCK TABLES `friend` WRITE;
/*!40000 ALTER TABLE `friend` DISABLE KEYS */;
INSERT INTO `friend` VALUES (1,1,3,1,'2026-07-10 12:25:57','2026-07-10 12:29:36'),(6,3,1,1,'2026-07-10 12:38:12','2026-07-10 12:38:28'),(88,1,20,1,'2026-07-10 16:38:48','2026-07-10 16:38:48'),(89,20,1,1,'2026-07-10 16:38:48','2026-07-10 16:38:48'),(90,1,17,1,'2026-07-10 16:39:16','2026-07-10 16:39:16'),(91,17,1,1,'2026-07-10 16:39:16','2026-07-10 16:39:16'),(101,31,1,1,'2026-07-10 18:03:37','2026-07-10 18:03:37'),(102,1,31,1,'2026-07-10 18:03:37','2026-07-10 18:03:37'),(103,31,3,1,'2026-07-10 18:03:37','2026-07-10 18:03:37'),(104,3,31,1,'2026-07-10 18:03:37','2026-07-10 18:03:37'),(105,31,16,1,'2026-07-10 18:03:37','2026-07-10 18:03:37'),(106,16,31,1,'2026-07-10 18:03:37','2026-07-10 18:03:37'),(107,30,1,1,'2026-07-10 18:04:02','2026-07-10 18:04:02'),(108,1,30,1,'2026-07-10 18:04:02','2026-07-10 18:04:02'),(109,30,3,1,'2026-07-10 18:04:02','2026-07-10 18:04:02'),(110,3,30,1,'2026-07-10 18:04:02','2026-07-10 18:04:02'),(111,30,16,1,'2026-07-10 18:04:02','2026-07-10 18:04:02'),(112,16,30,1,'2026-07-10 18:04:02','2026-07-10 18:04:02'),(125,33,1,1,'2026-07-10 19:02:50','2026-07-10 19:02:50'),(126,1,33,1,'2026-07-10 19:02:50','2026-07-10 19:02:50'),(127,33,3,1,'2026-07-10 19:02:50','2026-07-10 19:02:50'),(128,3,33,1,'2026-07-10 19:02:50','2026-07-10 19:02:50'),(129,33,16,1,'2026-07-10 19:02:50','2026-07-10 19:02:50'),(130,16,33,1,'2026-07-10 19:02:50','2026-07-10 19:02:50'),(135,34,16,1,'2026-07-10 19:26:52','2026-07-10 19:26:52'),(136,16,34,1,'2026-07-10 19:26:52','2026-07-10 19:26:52'),(143,36,1,1,'2026-07-11 00:43:52','2026-07-11 00:43:52'),(144,1,36,1,'2026-07-11 00:43:52','2026-07-11 00:43:52'),(145,36,3,1,'2026-07-11 00:43:52','2026-07-11 00:43:52'),(146,3,36,1,'2026-07-11 00:43:52','2026-07-11 00:43:52'),(147,36,16,1,'2026-07-11 00:43:52','2026-07-11 00:43:52'),(148,16,36,1,'2026-07-11 00:43:52','2026-07-11 00:43:52'),(149,74,1,1,'2026-07-11 09:04:14','2026-07-11 09:04:14'),(150,1,74,1,'2026-07-11 09:04:14','2026-07-11 09:04:14'),(151,74,3,1,'2026-07-11 09:04:14','2026-07-11 09:04:14'),(152,3,74,1,'2026-07-11 09:04:14','2026-07-11 09:04:14'),(153,74,16,1,'2026-07-11 09:04:14','2026-07-11 09:04:14'),(154,16,74,1,'2026-07-11 09:04:14','2026-07-11 09:04:14'),(155,75,1,1,'2026-07-11 09:54:29','2026-07-11 09:54:29'),(156,1,75,1,'2026-07-11 09:54:29','2026-07-11 09:54:29'),(157,75,3,1,'2026-07-11 09:54:29','2026-07-11 09:54:29'),(158,3,75,1,'2026-07-11 09:54:29','2026-07-11 09:54:29'),(159,75,16,1,'2026-07-11 09:54:29','2026-07-11 09:54:29'),(160,16,75,1,'2026-07-11 09:54:29','2026-07-11 09:54:29'),(161,76,1,1,'2026-07-11 11:21:47','2026-07-11 11:21:47'),(162,1,76,1,'2026-07-11 11:21:47','2026-07-11 11:21:47'),(163,76,3,1,'2026-07-11 11:21:47','2026-07-11 11:21:47'),(164,3,76,1,'2026-07-11 11:21:47','2026-07-11 11:21:47'),(165,76,16,1,'2026-07-11 11:21:47','2026-07-11 11:21:47'),(166,16,76,1,'2026-07-11 11:21:47','2026-07-11 11:21:47'),(167,77,1,1,'2026-07-11 12:03:32','2026-07-11 12:03:32'),(168,1,77,1,'2026-07-11 12:03:32','2026-07-11 12:03:32'),(169,77,3,1,'2026-07-11 12:03:32','2026-07-11 12:03:32'),(170,3,77,1,'2026-07-11 12:03:32','2026-07-11 12:03:32'),(171,77,16,1,'2026-07-11 12:03:32','2026-07-11 12:03:32'),(172,16,77,1,'2026-07-11 12:03:32','2026-07-11 12:03:32'),(173,78,1,1,'2026-07-11 13:13:34','2026-07-11 13:13:34'),(174,1,78,1,'2026-07-11 13:13:34','2026-07-11 13:13:34'),(175,78,3,1,'2026-07-11 13:13:34','2026-07-11 13:13:34'),(176,3,78,1,'2026-07-11 13:13:34','2026-07-11 13:13:34'),(177,78,16,1,'2026-07-11 13:13:34','2026-07-11 13:13:34'),(178,16,78,1,'2026-07-11 13:13:34','2026-07-11 13:13:34'),(179,79,1,1,'2026-07-11 13:20:22','2026-07-11 13:20:22'),(180,1,79,1,'2026-07-11 13:20:22','2026-07-11 13:20:22'),(181,79,3,1,'2026-07-11 13:20:22','2026-07-11 13:20:22'),(182,3,79,1,'2026-07-11 13:20:22','2026-07-11 13:20:22'),(183,79,16,1,'2026-07-11 13:20:22','2026-07-11 13:20:22'),(184,16,79,1,'2026-07-11 13:20:22','2026-07-11 13:20:22'),(185,80,1,1,'2026-07-11 14:56:29','2026-07-11 14:56:29'),(186,1,80,1,'2026-07-11 14:56:29','2026-07-11 14:56:29'),(187,80,3,1,'2026-07-11 14:56:29','2026-07-11 14:56:29'),(188,3,80,1,'2026-07-11 14:56:29','2026-07-11 14:56:29'),(189,80,16,1,'2026-07-11 14:56:29','2026-07-11 14:56:29'),(190,16,80,1,'2026-07-11 14:56:29','2026-07-11 14:56:29'),(191,81,1,1,'2026-07-11 15:30:34','2026-07-11 15:30:34'),(192,1,81,1,'2026-07-11 15:30:34','2026-07-11 15:30:34'),(193,81,3,1,'2026-07-11 15:30:34','2026-07-11 15:30:34'),(194,3,81,1,'2026-07-11 15:30:34','2026-07-11 15:30:34'),(195,81,16,1,'2026-07-11 15:30:34','2026-07-11 15:30:34'),(196,16,81,1,'2026-07-11 15:30:34','2026-07-11 15:30:34'),(197,77,79,0,'2026-07-11 17:00:15','2026-07-11 17:00:15'),(198,82,1,1,'2026-07-11 20:09:06','2026-07-11 20:09:06'),(199,1,82,1,'2026-07-11 20:09:06','2026-07-11 20:09:06'),(200,82,3,1,'2026-07-11 20:09:06','2026-07-11 20:09:06'),(201,3,82,1,'2026-07-11 20:09:06','2026-07-11 20:09:06'),(202,82,16,1,'2026-07-11 20:09:06','2026-07-11 20:09:06'),(203,16,82,1,'2026-07-11 20:09:06','2026-07-11 20:09:06'),(204,83,1,1,'2026-07-11 20:23:36','2026-07-11 20:23:36'),(205,1,83,1,'2026-07-11 20:23:36','2026-07-11 20:23:36'),(206,83,3,1,'2026-07-11 20:23:36','2026-07-11 20:23:36'),(207,3,83,1,'2026-07-11 20:23:36','2026-07-11 20:23:36'),(208,83,16,1,'2026-07-11 20:23:36','2026-07-11 20:23:36'),(209,16,83,1,'2026-07-11 20:23:36','2026-07-11 20:23:36'),(212,85,1,1,'2026-07-11 22:37:40','2026-07-11 22:37:40'),(213,1,85,1,'2026-07-11 22:37:40','2026-07-11 22:37:40'),(214,85,3,1,'2026-07-11 22:37:40','2026-07-11 22:37:40'),(215,3,85,1,'2026-07-11 22:37:40','2026-07-11 22:37:40'),(216,85,16,1,'2026-07-11 22:37:40','2026-07-11 22:37:40'),(217,16,85,1,'2026-07-11 22:37:40','2026-07-11 22:37:40');
/*!40000 ALTER TABLE `friend` ENABLE KEYS */;
UNLOCK TABLES;

--
-- Table structure for table `message`
--

DROP TABLE IF EXISTS `message`;
/*!40101 SET @saved_cs_client     = @@character_set_client */;
/*!50503 SET character_set_client = utf8mb4 */;
CREATE TABLE `message` (
  `id` bigint NOT NULL AUTO_INCREMENT COMMENT '消息ID',
  `sender_id` bigint DEFAULT NULL COMMENT '发送者用户ID',
  `receiver_id` bigint NOT NULL COMMENT '接收者用户ID',
  `title` varchar(200) NOT NULL DEFAULT '',
  `content` text COMMENT '消息内容',
  `sender` varchar(50) DEFAULT '诺玛' COMMENT '发送者',
  `is_read` tinyint NOT NULL DEFAULT '0' COMMENT '是否已读：0-未读 1-已读',
  `create_time` datetime NOT NULL DEFAULT CURRENT_TIMESTAMP COMMENT '创建时间',
  `type` varchar(20) NOT NULL DEFAULT 'PRIVATE' COMMENT '消息类型: PRIVATE-私信 REPLY-回复通知 SYSTEM-系统通知',
  `post_id` bigint DEFAULT NULL COMMENT '关联帖子ID',
  `comment_id` bigint DEFAULT NULL COMMENT '评论ID',
  PRIMARY KEY (`id`),
  KEY `idx_receiver_id` (`receiver_id`),
  KEY `idx_is_read` (`is_read`),
  KEY `idx_sender_id` (`sender_id`)
) ENGINE=InnoDB AUTO_INCREMENT=566 DEFAULT CHARSET=utf8mb4 COLLATE=utf8mb4_0900_ai_ci COMMENT='消息表';
/*!40101 SET character_set_client = @saved_cs_client */;

--
-- Dumping data for table `message`
--

LOCK TABLES `message` WRITE;
/*!40000 ALTER TABLE `message` DISABLE KEYS */;
INSERT INTO `message` VALUES (23,NULL,16,'欢迎来到混血种的世界','欢迎来到混血种的世界，燃烧的黄金瞳永不熄灭','诺玛',1,'2026-07-10 18:23:17','PRIVATE',NULL,NULL),(101,NULL,16,'诺玛的提醒','各位学员请注意，今晚8点在大礼堂召开全体会议，请准时参加。——诺玛','诺玛',1,'2026-07-11 07:05:16','PRIVATE',NULL,NULL),(119,NULL,16,'重要通知','各位学员，本学期期末考核将于下周一进行，请做好准备。——卡塞尔学院教务处','诺玛',1,'2026-07-11 07:06:29','PRIVATE',NULL,NULL),(138,NULL,51,'绘梨衣的消息','绘梨衣姐姐说谢谢你那天陪绘梨衣玩！下次绘梨衣也带好吃的给你。','诺玛',0,'2026-07-11 07:22:14','PRIVATE',NULL,NULL),(139,NULL,51,'有件事想问你','诺玛让我转告你，你的权限申请已经通过了。','48',1,'2026-07-09 14:25:25','PRIVATE',NULL,NULL),(140,NULL,45,'关于你发的帖子','明天的训练别迟到。','46',0,'2026-07-09 12:25:25','PRIVATE',NULL,NULL),(141,NULL,45,'你还好吗','图书馆那本书我看完了，明天给你。','3',0,'2026-07-11 01:25:25','PRIVATE',NULL,NULL),(142,NULL,46,'任务通知','听说你上次任务表现得很好，恭喜。','41',0,'2026-07-10 18:25:25','PRIVATE',NULL,NULL),(145,NULL,53,'你好','别一个人去执行危险任务，记得叫上队友。','18',1,'2026-07-10 06:25:25','PRIVATE',NULL,NULL),(146,NULL,16,'新生指南','你认识路明非吗？他到底是个什么样的人？','46',1,'2026-07-10 22:25:25','PRIVATE',NULL,NULL),(147,NULL,16,'周末有空吗','校长找你，去办公室一趟。','20',1,'2026-07-10 06:25:25','PRIVATE',NULL,NULL),(148,NULL,49,'你好','芬格尔师兄又在到处借钱了，别借给他。','52',0,'2026-07-10 17:25:25','PRIVATE',NULL,NULL),(149,NULL,16,'紧急通知','你认识路明非吗？他到底是个什么样的人？','42',1,'2026-07-10 14:25:25','PRIVATE',NULL,NULL),(151,NULL,52,'关于你发的帖子','芬格尔师兄又在到处借钱了，别借给他。','46',1,'2026-07-11 06:25:25','PRIVATE',NULL,NULL),(154,NULL,52,'情报分享','周末有没有空？一起去食堂三楼吃拉面？','48',0,'2026-07-10 09:25:25','PRIVATE',NULL,NULL),(155,NULL,47,'紧急通知','冰窖那边的巡逻排班表我发你了，查收一下。','24',0,'2026-07-11 06:25:25','PRIVATE',NULL,NULL),(157,NULL,51,'关于你发的帖子','你的快递在门卫室，别忘了拿。','44',1,'2026-07-10 18:25:25','PRIVATE',NULL,NULL),(158,NULL,51,'情报分享','关于下周的任务，我想跟你聊聊细节。','53',0,'2026-07-09 12:25:25','PRIVATE',NULL,NULL),(160,NULL,51,'帮我个忙','别一个人去执行危险任务，记得叫上队友。','3',0,'2026-07-10 12:25:25','PRIVATE',NULL,NULL),(163,NULL,51,'情报分享','你最近发的帖子我看了，写得不错。继续保持。','19',0,'2026-07-10 00:25:25','PRIVATE',NULL,NULL),(165,NULL,51,'周末有空吗','关于下周的任务，我想跟你聊聊细节。','52',0,'2026-07-09 11:25:25','PRIVATE',NULL,NULL),(167,NULL,42,'情报分享','芬格尔师兄又在到处借钱了，别借给他。','17',0,'2026-07-10 06:25:25','PRIVATE',NULL,NULL),(169,NULL,45,'有件事想问你','绘梨衣说想请你吃冰淇淋，周末有空吗？','49',0,'2026-07-09 09:25:25','PRIVATE',NULL,NULL),(174,NULL,44,'情报分享','诺玛让我转告你，你的权限申请已经通过了。','53',0,'2026-07-10 10:25:25','PRIVATE',NULL,NULL),(175,NULL,47,'新生指南','关于下周的任务，我想跟你聊聊细节。','41',0,'2026-07-10 15:25:25','PRIVATE',NULL,NULL),(176,NULL,44,'周末有空吗','诺玛让我转告你，你的权限申请已经通过了。','45',0,'2026-07-09 21:25:25','PRIVATE',NULL,NULL),(177,NULL,52,'紧急通知','冰窖那边的巡逻排班表我发你了，查收一下。','48',0,'2026-07-09 07:25:25','PRIVATE',NULL,NULL),(178,NULL,50,'周末有空吗','关于下周的任务，我想跟你聊聊细节。','45',0,'2026-07-10 18:25:25','PRIVATE',NULL,NULL),(182,NULL,52,'紧急通知','校长找你，去办公室一趟。','53',0,'2026-07-11 06:25:25','PRIVATE',NULL,NULL),(183,NULL,51,'情报分享','你认识路明非吗？他到底是个什么样的人？','45',0,'2026-07-11 00:25:25','PRIVATE',NULL,NULL),(185,NULL,52,'有件事想问你','绘梨衣说想请你吃冰淇淋，周末有空吗？','16',0,'2026-07-11 06:25:25','PRIVATE',NULL,NULL),(186,NULL,16,'关于你发的帖子','你认识路明非吗？他到底是个什么样的人？','43',1,'2026-07-10 11:25:25','PRIVATE',NULL,NULL),(187,NULL,43,'你的帖子有新回复','夕阳的刻痕(作者) 回复了你的帖子「关于「王」的定义」','夕阳的刻痕(作者)',0,'2026-07-11 07:43:15','REPLY',84,NULL),(191,NULL,74,'欢迎加入卡塞尔学院社区','亲爱的 夏目 学员：\n\n我是诺玛，卡塞尔学院中央控制系统。\n\n你的注册申请已通过审核，欢迎正式成为卡塞尔学院的一员。\n\n这里是你探索龙族世界的起点。以下是你可以使用的功能：\n  📰 学院新闻 — 获取龙族世界最新动态与学院公告\n  💬 混血种乐园 — 与各派系学员自由交流，分享情报与委托\n  ✉️ 邮件系统 — 接收诺玛分发的重要通知与私信\n  👥 联系人 — 添加与你并肩作战的伙伴\n\n你的血统等级已记录在案，请时刻铭记秘党的使命——\n\"我们守望，我们战斗，直至永夜终结。\"\n\n如有任何需要，我随时在线。\n\n—— 诺玛','诺玛',0,'2026-07-11 09:04:14','PRIVATE',NULL,NULL),(192,NULL,53,'你的帖子有新回复','Norma 回复了你的帖子「无题」','Norma',0,'2026-07-11 09:42:08','REPLY',80,NULL),(196,NULL,75,'欢迎加入卡塞尔学院社区','亲爱的 村雨 学员：\n\n我是诺玛，卡塞尔学院中央控制系统。\n\n你的注册申请已通过审核，欢迎正式成为卡塞尔学院的一员。\n\n这里是你探索龙族世界的起点。以下是你可以使用的功能：\n  📰 学院新闻 — 获取龙族世界最新动态与学院公告\n  💬 混血种乐园 — 与各派系学员自由交流，分享情报与委托\n  ✉️ 邮件系统 — 接收诺玛分发的重要通知与私信\n  👥 联系人 — 添加与你并肩作战的伙伴\n\n你的血统等级已记录在案，请时刻铭记秘党的使命——\n\"我们守望，我们战斗，直至永夜终结。\"\n\n如有任何需要，我随时在线。\n\n—— 诺玛','诺玛',1,'2026-07-11 09:54:29','PRIVATE',NULL,NULL),(197,NULL,75,'私信','111','诺玛',1,'2026-07-11 10:19:18','PRIVATE',NULL,NULL),(201,NULL,76,'欢迎加入卡塞尔学院社区','亲爱的 拉面委员会主席 学员：\n\n我是诺玛，卡塞尔学院中央控制系统。\n\n你的注册申请已通过审核，欢迎正式成为卡塞尔学院的一员。\n\n这里是你探索龙族世界的起点。以下是你可以使用的功能：\n  📰 学院新闻 — 获取龙族世界最新动态与学院公告\n  💬 混血种乐园 — 与各派系学员自由交流，分享情报与委托\n  ✉️ 邮件系统 — 接收诺玛分发的重要通知与私信\n  👥 联系人 — 添加与你并肩作战的伙伴\n\n你的血统等级已记录在案，请时刻铭记秘党的使命——\n\"我们守望，我们战斗，直至永夜终结。\"\n\n如有任何需要，我随时在线。\n\n—— 诺玛','诺玛',1,'2026-07-11 11:21:47','PRIVATE',NULL,NULL),(205,NULL,77,'欢迎加入卡塞尔学院社区','亲爱的 白咲 学员：\n\n我是诺玛，卡塞尔学院中央控制系统。\n\n你的注册申请已通过审核，欢迎正式成为卡塞尔学院的一员。\n\n这里是你探索龙族世界的起点。以下是你可以使用的功能：\n  📰 学院新闻 — 获取龙族世界最新动态与学院公告\n  💬 混血种乐园 — 与各派系学员自由交流，分享情报与委托\n  ✉️ 邮件系统 — 接收诺玛分发的重要通知与私信\n  👥 联系人 — 添加与你并肩作战的伙伴\n\n你的血统等级已记录在案，请时刻铭记秘党的使命——\n\"我们守望，我们战斗，直至永夜终结。\"\n\n如有任何需要，我随时在线。\n\n—— 诺玛','诺玛',1,'2026-07-11 12:03:32','PRIVATE',NULL,NULL),(209,NULL,78,'欢迎加入卡塞尔学院社区','亲爱的 最后的黄昏 学员：\n\n我是诺玛，卡塞尔学院中央控制系统。\n\n你的注册申请已通过审核，欢迎正式成为卡塞尔学院的一员。\n\n这里是你探索龙族世界的起点。以下是你可以使用的功能：\n  📰 学院新闻 — 获取龙族世界最新动态与学院公告\n  💬 混血种乐园 — 与各派系学员自由交流，分享情报与委托\n  ✉️ 邮件系统 — 接收诺玛分发的重要通知与私信\n  👥 联系人 — 添加与你并肩作战的伙伴\n\n你的血统等级已记录在案，请时刻铭记秘党的使命——\n\"我们守望，我们战斗，直至永夜终结。\"\n\n如有任何需要，我随时在线。\n\n—— 诺玛','诺玛',0,'2026-07-11 13:13:34','PRIVATE',NULL,NULL),(213,NULL,79,'欢迎加入卡塞尔学院社区','亲爱的 汤元馅紫薯 学员：\n\n我是诺玛，卡塞尔学院中央控制系统。\n\n你的注册申请已通过审核，欢迎正式成为卡塞尔学院的一员。\n\n这里是你探索龙族世界的起点。以下是你可以使用的功能：\n  📰 学院新闻 — 获取龙族世界最新动态与学院公告\n  💬 混血种乐园 — 与各派系学员自由交流，分享情报与委托\n  ✉️ 邮件系统 — 接收诺玛分发的重要通知与私信\n  👥 联系人 — 添加与你并肩作战的伙伴\n\n你的血统等级已记录在案，请时刻铭记秘党的使命——\n\"我们守望，我们战斗，直至永夜终结。\"\n\n如有任何需要，我随时在线。\n\n—— 诺玛','诺玛',1,'2026-07-11 13:20:22','PRIVATE',NULL,NULL),(218,NULL,80,'欢迎加入卡塞尔学院社区','亲爱的 因陀罗 学员：\n\n我是诺玛，卡塞尔学院中央控制系统。\n\n你的注册申请已通过审核，欢迎正式成为卡塞尔学院的一员。\n\n这里是你探索龙族世界的起点。以下是你可以使用的功能：\n  📰 学院新闻 — 获取龙族世界最新动态与学院公告\n  💬 混血种乐园 — 与各派系学员自由交流，分享情报与委托\n  ✉️ 邮件系统 — 接收诺玛分发的重要通知与私信\n  👥 联系人 — 添加与你并肩作战的伙伴\n\n你的血统等级已记录在案，请时刻铭记秘党的使命——\n\"我们守望，我们战斗，直至永夜终结。\"\n\n如有任何需要，我随时在线。\n\n—— 诺玛','诺玛',0,'2026-07-11 14:56:29','PRIVATE',NULL,NULL),(224,NULL,42,'你的帖子有新回复','因陀罗 回复了你的帖子「雨天训练的特别意义」','因陀罗',0,'2026-07-11 15:29:16','REPLY',82,NULL),(229,NULL,17,'10分钟更新','本次网站更新添加私信功能，大约10分钟完成，更新期间大部分功能将不能使用','诺玛',0,'2026-07-11 15:29:53','SYSTEM',NULL,NULL),(230,NULL,18,'10分钟更新','本次网站更新添加私信功能，大约10分钟完成，更新期间大部分功能将不能使用','诺玛',0,'2026-07-11 15:29:53','SYSTEM',NULL,NULL),(231,NULL,19,'10分钟更新','本次网站更新添加私信功能，大约10分钟完成，更新期间大部分功能将不能使用','诺玛',0,'2026-07-11 15:29:53','SYSTEM',NULL,NULL),(232,NULL,20,'10分钟更新','本次网站更新添加私信功能，大约10分钟完成，更新期间大部分功能将不能使用','诺玛',0,'2026-07-11 15:29:53','SYSTEM',NULL,NULL),(233,NULL,21,'10分钟更新','本次网站更新添加私信功能，大约10分钟完成，更新期间大部分功能将不能使用','诺玛',0,'2026-07-11 15:29:53','SYSTEM',NULL,NULL),(234,NULL,22,'10分钟更新','本次网站更新添加私信功能，大约10分钟完成，更新期间大部分功能将不能使用','诺玛',0,'2026-07-11 15:29:53','SYSTEM',NULL,NULL),(235,NULL,23,'10分钟更新','本次网站更新添加私信功能，大约10分钟完成，更新期间大部分功能将不能使用','诺玛',0,'2026-07-11 15:29:53','SYSTEM',NULL,NULL),(236,NULL,24,'10分钟更新','本次网站更新添加私信功能，大约10分钟完成，更新期间大部分功能将不能使用','诺玛',0,'2026-07-11 15:29:53','SYSTEM',NULL,NULL),(238,NULL,30,'10分钟更新','本次网站更新添加私信功能，大约10分钟完成，更新期间大部分功能将不能使用','诺玛',0,'2026-07-11 15:29:53','SYSTEM',NULL,NULL),(239,NULL,31,'10分钟更新','本次网站更新添加私信功能，大约10分钟完成，更新期间大部分功能将不能使用','诺玛',0,'2026-07-11 15:29:53','SYSTEM',NULL,NULL),(240,NULL,33,'10分钟更新','本次网站更新添加私信功能，大约10分钟完成，更新期间大部分功能将不能使用','诺玛',0,'2026-07-11 15:29:53','SYSTEM',NULL,NULL),(241,NULL,34,'10分钟更新','本次网站更新添加私信功能，大约10分钟完成，更新期间大部分功能将不能使用','诺玛',0,'2026-07-11 15:29:53','SYSTEM',NULL,NULL),(242,NULL,36,'10分钟更新','本次网站更新添加私信功能，大约10分钟完成，更新期间大部分功能将不能使用','诺玛',0,'2026-07-11 15:29:53','SYSTEM',NULL,NULL),(243,NULL,42,'10分钟更新','本次网站更新添加私信功能，大约10分钟完成，更新期间大部分功能将不能使用','诺玛',0,'2026-07-11 15:29:53','SYSTEM',NULL,NULL),(244,NULL,43,'10分钟更新','本次网站更新添加私信功能，大约10分钟完成，更新期间大部分功能将不能使用','诺玛',0,'2026-07-11 15:29:53','SYSTEM',NULL,NULL),(245,NULL,44,'10分钟更新','本次网站更新添加私信功能，大约10分钟完成，更新期间大部分功能将不能使用','诺玛',0,'2026-07-11 15:29:53','SYSTEM',NULL,NULL),(246,NULL,45,'10分钟更新','本次网站更新添加私信功能，大约10分钟完成，更新期间大部分功能将不能使用','诺玛',0,'2026-07-11 15:29:53','SYSTEM',NULL,NULL),(247,NULL,46,'10分钟更新','本次网站更新添加私信功能，大约10分钟完成，更新期间大部分功能将不能使用','诺玛',0,'2026-07-11 15:29:53','SYSTEM',NULL,NULL),(248,NULL,47,'10分钟更新','本次网站更新添加私信功能，大约10分钟完成，更新期间大部分功能将不能使用','诺玛',0,'2026-07-11 15:29:53','SYSTEM',NULL,NULL),(249,NULL,49,'10分钟更新','本次网站更新添加私信功能，大约10分钟完成，更新期间大部分功能将不能使用','诺玛',0,'2026-07-11 15:29:53','SYSTEM',NULL,NULL),(250,NULL,50,'10分钟更新','本次网站更新添加私信功能，大约10分钟完成，更新期间大部分功能将不能使用','诺玛',0,'2026-07-11 15:29:53','SYSTEM',NULL,NULL),(251,NULL,51,'10分钟更新','本次网站更新添加私信功能，大约10分钟完成，更新期间大部分功能将不能使用','诺玛',0,'2026-07-11 15:29:53','SYSTEM',NULL,NULL),(252,NULL,52,'10分钟更新','本次网站更新添加私信功能，大约10分钟完成，更新期间大部分功能将不能使用','诺玛',0,'2026-07-11 15:29:53','SYSTEM',NULL,NULL),(253,NULL,53,'10分钟更新','本次网站更新添加私信功能，大约10分钟完成，更新期间大部分功能将不能使用','诺玛',0,'2026-07-11 15:29:53','SYSTEM',NULL,NULL),(254,NULL,74,'10分钟更新','本次网站更新添加私信功能，大约10分钟完成，更新期间大部分功能将不能使用','诺玛',0,'2026-07-11 15:29:53','SYSTEM',NULL,NULL),(256,NULL,76,'10分钟更新','本次网站更新添加私信功能，大约10分钟完成，更新期间大部分功能将不能使用','诺玛',0,'2026-07-11 15:29:53','SYSTEM',NULL,NULL),(257,NULL,77,'10分钟更新','本次网站更新添加私信功能，大约10分钟完成，更新期间大部分功能将不能使用','诺玛',1,'2026-07-11 15:29:53','SYSTEM',NULL,NULL),(258,NULL,78,'10分钟更新','本次网站更新添加私信功能，大约10分钟完成，更新期间大部分功能将不能使用','诺玛',0,'2026-07-11 15:29:53','SYSTEM',NULL,NULL),(259,NULL,79,'10分钟更新','本次网站更新添加私信功能，大约10分钟完成，更新期间大部分功能将不能使用','诺玛',0,'2026-07-11 15:29:53','SYSTEM',NULL,NULL),(260,NULL,80,'10分钟更新','本次网站更新添加私信功能，大约10分钟完成，更新期间大部分功能将不能使用','诺玛',0,'2026-07-11 15:29:53','SYSTEM',NULL,NULL),(264,NULL,81,'欢迎加入卡塞尔学院社区','亲爱的 陈洋博 学员：\n\n我是诺玛，卡塞尔学院中央控制系统。\n\n你的注册申请已通过审核，欢迎正式成为卡塞尔学院的一员。\n\n这里是你探索龙族世界的起点。以下是你可以使用的功能：\n  📰 学院新闻 — 获取龙族世界最新动态与学院公告\n  💬 混血种乐园 — 与各派系学员自由交流，分享情报与委托\n  ✉️ 邮件系统 — 接收诺玛分发的重要通知与私信\n  👥 联系人 — 添加与你并肩作战的伙伴\n\n你的血统等级已记录在案，请时刻铭记秘党的使命——\n\"我们守望，我们战斗，直至永夜终结。\"\n\n如有任何需要，我随时在线。\n\n—— 诺玛','诺玛',1,'2026-07-11 15:30:34','PRIVATE',NULL,NULL),(280,3,1,'','1','夕阳的刻痕(作者)',1,'2026-07-11 18:39:36','PRIVATE',NULL,NULL),(281,3,1,'','2','夕阳的刻痕(作者)',1,'2026-07-11 18:40:13','PRIVATE',NULL,NULL),(282,3,1,'','3','夕阳的刻痕(作者)',1,'2026-07-11 18:45:00','PRIVATE',NULL,NULL),(283,3,1,'','2','夕阳的刻痕(作者)',1,'2026-07-11 18:52:10','PRIVATE',NULL,NULL),(284,3,1,'','3','夕阳的刻痕(作者)',1,'2026-07-11 18:52:31','PRIVATE',NULL,NULL),(285,3,1,'','333','夕阳的刻痕(作者)',1,'2026-07-11 19:00:00','PRIVATE',NULL,NULL),(286,3,1,'','111','夕阳的刻痕(作者)',1,'2026-07-11 19:01:49','PRIVATE',NULL,NULL),(287,3,1,'','1','夕阳的刻痕(作者)',1,'2026-07-11 19:04:58','PRIVATE',NULL,NULL),(288,3,1,'','2','夕阳的刻痕(作者)',1,'2026-07-11 19:05:00','PRIVATE',NULL,NULL),(289,3,1,'','3','夕阳的刻痕(作者)',1,'2026-07-11 19:05:03','PRIVATE',NULL,NULL),(290,3,1,'','4','夕阳的刻痕(作者)',1,'2026-07-11 19:05:05','PRIVATE',NULL,NULL),(291,3,1,'','5','夕阳的刻痕(作者)',1,'2026-07-11 19:05:28','PRIVATE',NULL,NULL),(292,NULL,80,'你的帖子有新回复','Norma 回复了你的帖子「热热热热热热」','Norma',0,'2026-07-11 19:36:27','REPLY',95,NULL),(298,1,3,'','8','Norma',1,'2026-07-11 19:53:35','PRIVATE',NULL,NULL),(299,1,3,'','9','Norma',1,'2026-07-11 19:56:31','PRIVATE',NULL,NULL),(300,3,1,'','2','夕阳的刻痕(作者)',1,'2026-07-11 20:06:00','PRIVATE',NULL,NULL),(304,NULL,82,'欢迎加入卡塞尔学院社区','亲爱的 韩羽 学员：\n\n我是诺玛，卡塞尔学院中央控制系统。\n\n你的注册申请已通过审核，欢迎正式成为卡塞尔学院的一员。\n\n这里是你探索龙族世界的起点。以下是你可以使用的功能：\n  📰 学院新闻 — 获取龙族世界最新动态与学院公告\n  💬 混血种乐园 — 与各派系学员自由交流，分享情报与委托\n  ✉️ 邮件系统 — 接收诺玛分发的重要通知与私信\n  👥 联系人 — 添加与你并肩作战的伙伴\n\n你的血统等级已记录在案，请时刻铭记秘党的使命——\n\"我们守望，我们战斗，直至永夜终结。\"\n\n如有任何需要，我随时在线。\n\n—— 诺玛','诺玛',1,'2026-07-11 20:09:06','PRIVATE',NULL,NULL),(305,3,1,'','1','夕阳的刻痕(作者)',1,'2026-07-11 20:10:09','PRIVATE',NULL,NULL),(306,3,1,'','1','夕阳的刻痕(作者)',1,'2026-07-11 20:17:05','PRIVATE',NULL,NULL),(307,3,1,'','测试','夕阳的刻痕(作者)',1,'2026-07-11 20:18:56','PRIVATE',NULL,NULL),(311,3,1,'','2','夕阳的刻痕(作者)',1,'2026-07-11 20:20:59','PRIVATE',NULL,NULL),(312,NULL,83,'欢迎加入卡塞尔学院社区','亲爱的 一个忧郁的人 学员：\n\n我是诺玛，卡塞尔学院中央控制系统。\n\n你的注册申请已通过审核，欢迎正式成为卡塞尔学院的一员。\n\n这里是你探索龙族世界的起点。以下是你可以使用的功能：\n  📰 学院新闻 — 获取龙族世界最新动态与学院公告\n  💬 混血种乐园 — 与各派系学员自由交流，分享情报与委托\n  ✉️ 邮件系统 — 接收诺玛分发的重要通知与私信\n  👥 联系人 — 添加与你并肩作战的伙伴\n\n你的血统等级已记录在案，请时刻铭记秘党的使命——\n\"我们守望，我们战斗，直至永夜终结。\"\n\n如有任何需要，我随时在线。\n\n—— 诺玛','诺玛',0,'2026-07-11 20:23:36','PRIVATE',NULL,NULL),(313,1,77,'','嘿嘿','Norma',1,'2026-07-11 20:51:22','PRIVATE',NULL,NULL),(314,1,77,'','做好了，现在可以点开了','Norma',1,'2026-07-11 20:51:39','PRIVATE',NULL,NULL),(315,77,1,'','为啥我点不开啊⊙▽⊙','白咲',1,'2026-07-11 20:54:47','PRIVATE',NULL,NULL),(316,77,1,'','我觉得私聊界面，点击对方头像进入对方主页也可以加一下','白咲',1,'2026-07-11 20:57:25','PRIVATE',NULL,NULL),(317,1,77,'','行','Norma',1,'2026-07-11 21:00:21','PRIVATE',NULL,NULL),(318,3,77,'','这是我自己的号，管理员都是我自己的','夕阳的刻痕(作者)',1,'2026-07-11 21:00:59','PRIVATE',NULL,NULL),(319,77,3,'','明白🫡','白咲',1,'2026-07-11 21:03:09','PRIVATE',NULL,NULL),(324,NULL,17,'学院通知','       很遗憾通知你，你的假期提前结束了。学院的信息部在西北太平洋远洋海面检测到磁场异常，疑似龙族四大君主之一：天空与风之王复苏。检测到中心风力最大17级，已多次置换风眼，电磁场受不明因素影响，信号紊乱，狂风与雷鸣即将侵袭沿海。\n       从学院的专员分布图和血统优势来看，无疑你是最合适人选。所以学院这次派遣你为本次行动专员，编号为SS066705S1。装备部和校工部已提前行动，请立即出发。\n:你亲爱的Norma','诺玛',0,'2026-07-11 21:17:16','SYSTEM',NULL,NULL),(325,NULL,18,'学院通知','       很遗憾通知你，你的假期提前结束了。学院的信息部在西北太平洋远洋海面检测到磁场异常，疑似龙族四大君主之一：天空与风之王复苏。检测到中心风力最大17级，已多次置换风眼，电磁场受不明因素影响，信号紊乱，狂风与雷鸣即将侵袭沿海。\n       从学院的专员分布图和血统优势来看，无疑你是最合适人选。所以学院这次派遣你为本次行动专员，编号为SS066705S1。装备部和校工部已提前行动，请立即出发。\n:你亲爱的Norma','诺玛',0,'2026-07-11 21:17:16','SYSTEM',NULL,NULL),(326,NULL,19,'学院通知','       很遗憾通知你，你的假期提前结束了。学院的信息部在西北太平洋远洋海面检测到磁场异常，疑似龙族四大君主之一：天空与风之王复苏。检测到中心风力最大17级，已多次置换风眼，电磁场受不明因素影响，信号紊乱，狂风与雷鸣即将侵袭沿海。\n       从学院的专员分布图和血统优势来看，无疑你是最合适人选。所以学院这次派遣你为本次行动专员，编号为SS066705S1。装备部和校工部已提前行动，请立即出发。\n:你亲爱的Norma','诺玛',0,'2026-07-11 21:17:16','SYSTEM',NULL,NULL),(327,NULL,20,'学院通知','       很遗憾通知你，你的假期提前结束了。学院的信息部在西北太平洋远洋海面检测到磁场异常，疑似龙族四大君主之一：天空与风之王复苏。检测到中心风力最大17级，已多次置换风眼，电磁场受不明因素影响，信号紊乱，狂风与雷鸣即将侵袭沿海。\n       从学院的专员分布图和血统优势来看，无疑你是最合适人选。所以学院这次派遣你为本次行动专员，编号为SS066705S1。装备部和校工部已提前行动，请立即出发。\n:你亲爱的Norma','诺玛',0,'2026-07-11 21:17:16','SYSTEM',NULL,NULL),(328,NULL,21,'学院通知','       很遗憾通知你，你的假期提前结束了。学院的信息部在西北太平洋远洋海面检测到磁场异常，疑似龙族四大君主之一：天空与风之王复苏。检测到中心风力最大17级，已多次置换风眼，电磁场受不明因素影响，信号紊乱，狂风与雷鸣即将侵袭沿海。\n       从学院的专员分布图和血统优势来看，无疑你是最合适人选。所以学院这次派遣你为本次行动专员，编号为SS066705S1。装备部和校工部已提前行动，请立即出发。\n:你亲爱的Norma','诺玛',0,'2026-07-11 21:17:16','SYSTEM',NULL,NULL),(329,NULL,22,'学院通知','       很遗憾通知你，你的假期提前结束了。学院的信息部在西北太平洋远洋海面检测到磁场异常，疑似龙族四大君主之一：天空与风之王复苏。检测到中心风力最大17级，已多次置换风眼，电磁场受不明因素影响，信号紊乱，狂风与雷鸣即将侵袭沿海。\n       从学院的专员分布图和血统优势来看，无疑你是最合适人选。所以学院这次派遣你为本次行动专员，编号为SS066705S1。装备部和校工部已提前行动，请立即出发。\n:你亲爱的Norma','诺玛',0,'2026-07-11 21:17:16','SYSTEM',NULL,NULL),(330,NULL,23,'学院通知','       很遗憾通知你，你的假期提前结束了。学院的信息部在西北太平洋远洋海面检测到磁场异常，疑似龙族四大君主之一：天空与风之王复苏。检测到中心风力最大17级，已多次置换风眼，电磁场受不明因素影响，信号紊乱，狂风与雷鸣即将侵袭沿海。\n       从学院的专员分布图和血统优势来看，无疑你是最合适人选。所以学院这次派遣你为本次行动专员，编号为SS066705S1。装备部和校工部已提前行动，请立即出发。\n:你亲爱的Norma','诺玛',0,'2026-07-11 21:17:16','SYSTEM',NULL,NULL),(331,NULL,24,'学院通知','       很遗憾通知你，你的假期提前结束了。学院的信息部在西北太平洋远洋海面检测到磁场异常，疑似龙族四大君主之一：天空与风之王复苏。检测到中心风力最大17级，已多次置换风眼，电磁场受不明因素影响，信号紊乱，狂风与雷鸣即将侵袭沿海。\n       从学院的专员分布图和血统优势来看，无疑你是最合适人选。所以学院这次派遣你为本次行动专员，编号为SS066705S1。装备部和校工部已提前行动，请立即出发。\n:你亲爱的Norma','诺玛',0,'2026-07-11 21:17:16','SYSTEM',NULL,NULL),(333,NULL,30,'学院通知','       很遗憾通知你，你的假期提前结束了。学院的信息部在西北太平洋远洋海面检测到磁场异常，疑似龙族四大君主之一：天空与风之王复苏。检测到中心风力最大17级，已多次置换风眼，电磁场受不明因素影响，信号紊乱，狂风与雷鸣即将侵袭沿海。\n       从学院的专员分布图和血统优势来看，无疑你是最合适人选。所以学院这次派遣你为本次行动专员，编号为SS066705S1。装备部和校工部已提前行动，请立即出发。\n:你亲爱的Norma','诺玛',0,'2026-07-11 21:17:16','SYSTEM',NULL,NULL),(334,NULL,31,'学院通知','       很遗憾通知你，你的假期提前结束了。学院的信息部在西北太平洋远洋海面检测到磁场异常，疑似龙族四大君主之一：天空与风之王复苏。检测到中心风力最大17级，已多次置换风眼，电磁场受不明因素影响，信号紊乱，狂风与雷鸣即将侵袭沿海。\n       从学院的专员分布图和血统优势来看，无疑你是最合适人选。所以学院这次派遣你为本次行动专员，编号为SS066705S1。装备部和校工部已提前行动，请立即出发。\n:你亲爱的Norma','诺玛',0,'2026-07-11 21:17:16','SYSTEM',NULL,NULL),(335,NULL,33,'学院通知','       很遗憾通知你，你的假期提前结束了。学院的信息部在西北太平洋远洋海面检测到磁场异常，疑似龙族四大君主之一：天空与风之王复苏。检测到中心风力最大17级，已多次置换风眼，电磁场受不明因素影响，信号紊乱，狂风与雷鸣即将侵袭沿海。\n       从学院的专员分布图和血统优势来看，无疑你是最合适人选。所以学院这次派遣你为本次行动专员，编号为SS066705S1。装备部和校工部已提前行动，请立即出发。\n:你亲爱的Norma','诺玛',0,'2026-07-11 21:17:16','SYSTEM',NULL,NULL),(336,NULL,34,'学院通知','       很遗憾通知你，你的假期提前结束了。学院的信息部在西北太平洋远洋海面检测到磁场异常，疑似龙族四大君主之一：天空与风之王复苏。检测到中心风力最大17级，已多次置换风眼，电磁场受不明因素影响，信号紊乱，狂风与雷鸣即将侵袭沿海。\n       从学院的专员分布图和血统优势来看，无疑你是最合适人选。所以学院这次派遣你为本次行动专员，编号为SS066705S1。装备部和校工部已提前行动，请立即出发。\n:你亲爱的Norma','诺玛',0,'2026-07-11 21:17:16','SYSTEM',NULL,NULL),(337,NULL,36,'学院通知','       很遗憾通知你，你的假期提前结束了。学院的信息部在西北太平洋远洋海面检测到磁场异常，疑似龙族四大君主之一：天空与风之王复苏。检测到中心风力最大17级，已多次置换风眼，电磁场受不明因素影响，信号紊乱，狂风与雷鸣即将侵袭沿海。\n       从学院的专员分布图和血统优势来看，无疑你是最合适人选。所以学院这次派遣你为本次行动专员，编号为SS066705S1。装备部和校工部已提前行动，请立即出发。\n:你亲爱的Norma','诺玛',0,'2026-07-11 21:17:16','SYSTEM',NULL,NULL),(338,NULL,42,'学院通知','       很遗憾通知你，你的假期提前结束了。学院的信息部在西北太平洋远洋海面检测到磁场异常，疑似龙族四大君主之一：天空与风之王复苏。检测到中心风力最大17级，已多次置换风眼，电磁场受不明因素影响，信号紊乱，狂风与雷鸣即将侵袭沿海。\n       从学院的专员分布图和血统优势来看，无疑你是最合适人选。所以学院这次派遣你为本次行动专员，编号为SS066705S1。装备部和校工部已提前行动，请立即出发。\n:你亲爱的Norma','诺玛',0,'2026-07-11 21:17:16','SYSTEM',NULL,NULL),(339,NULL,43,'学院通知','       很遗憾通知你，你的假期提前结束了。学院的信息部在西北太平洋远洋海面检测到磁场异常，疑似龙族四大君主之一：天空与风之王复苏。检测到中心风力最大17级，已多次置换风眼，电磁场受不明因素影响，信号紊乱，狂风与雷鸣即将侵袭沿海。\n       从学院的专员分布图和血统优势来看，无疑你是最合适人选。所以学院这次派遣你为本次行动专员，编号为SS066705S1。装备部和校工部已提前行动，请立即出发。\n:你亲爱的Norma','诺玛',0,'2026-07-11 21:17:16','SYSTEM',NULL,NULL),(340,NULL,44,'学院通知','       很遗憾通知你，你的假期提前结束了。学院的信息部在西北太平洋远洋海面检测到磁场异常，疑似龙族四大君主之一：天空与风之王复苏。检测到中心风力最大17级，已多次置换风眼，电磁场受不明因素影响，信号紊乱，狂风与雷鸣即将侵袭沿海。\n       从学院的专员分布图和血统优势来看，无疑你是最合适人选。所以学院这次派遣你为本次行动专员，编号为SS066705S1。装备部和校工部已提前行动，请立即出发。\n:你亲爱的Norma','诺玛',0,'2026-07-11 21:17:16','SYSTEM',NULL,NULL),(341,NULL,45,'学院通知','       很遗憾通知你，你的假期提前结束了。学院的信息部在西北太平洋远洋海面检测到磁场异常，疑似龙族四大君主之一：天空与风之王复苏。检测到中心风力最大17级，已多次置换风眼，电磁场受不明因素影响，信号紊乱，狂风与雷鸣即将侵袭沿海。\n       从学院的专员分布图和血统优势来看，无疑你是最合适人选。所以学院这次派遣你为本次行动专员，编号为SS066705S1。装备部和校工部已提前行动，请立即出发。\n:你亲爱的Norma','诺玛',0,'2026-07-11 21:17:16','SYSTEM',NULL,NULL),(342,NULL,46,'学院通知','       很遗憾通知你，你的假期提前结束了。学院的信息部在西北太平洋远洋海面检测到磁场异常，疑似龙族四大君主之一：天空与风之王复苏。检测到中心风力最大17级，已多次置换风眼，电磁场受不明因素影响，信号紊乱，狂风与雷鸣即将侵袭沿海。\n       从学院的专员分布图和血统优势来看，无疑你是最合适人选。所以学院这次派遣你为本次行动专员，编号为SS066705S1。装备部和校工部已提前行动，请立即出发。\n:你亲爱的Norma','诺玛',0,'2026-07-11 21:17:16','SYSTEM',NULL,NULL),(343,NULL,47,'学院通知','       很遗憾通知你，你的假期提前结束了。学院的信息部在西北太平洋远洋海面检测到磁场异常，疑似龙族四大君主之一：天空与风之王复苏。检测到中心风力最大17级，已多次置换风眼，电磁场受不明因素影响，信号紊乱，狂风与雷鸣即将侵袭沿海。\n       从学院的专员分布图和血统优势来看，无疑你是最合适人选。所以学院这次派遣你为本次行动专员，编号为SS066705S1。装备部和校工部已提前行动，请立即出发。\n:你亲爱的Norma','诺玛',0,'2026-07-11 21:17:16','SYSTEM',NULL,NULL),(344,NULL,49,'学院通知','       很遗憾通知你，你的假期提前结束了。学院的信息部在西北太平洋远洋海面检测到磁场异常，疑似龙族四大君主之一：天空与风之王复苏。检测到中心风力最大17级，已多次置换风眼，电磁场受不明因素影响，信号紊乱，狂风与雷鸣即将侵袭沿海。\n       从学院的专员分布图和血统优势来看，无疑你是最合适人选。所以学院这次派遣你为本次行动专员，编号为SS066705S1。装备部和校工部已提前行动，请立即出发。\n:你亲爱的Norma','诺玛',0,'2026-07-11 21:17:16','SYSTEM',NULL,NULL),(345,NULL,50,'学院通知','       很遗憾通知你，你的假期提前结束了。学院的信息部在西北太平洋远洋海面检测到磁场异常，疑似龙族四大君主之一：天空与风之王复苏。检测到中心风力最大17级，已多次置换风眼，电磁场受不明因素影响，信号紊乱，狂风与雷鸣即将侵袭沿海。\n       从学院的专员分布图和血统优势来看，无疑你是最合适人选。所以学院这次派遣你为本次行动专员，编号为SS066705S1。装备部和校工部已提前行动，请立即出发。\n:你亲爱的Norma','诺玛',0,'2026-07-11 21:17:16','SYSTEM',NULL,NULL),(346,NULL,51,'学院通知','       很遗憾通知你，你的假期提前结束了。学院的信息部在西北太平洋远洋海面检测到磁场异常，疑似龙族四大君主之一：天空与风之王复苏。检测到中心风力最大17级，已多次置换风眼，电磁场受不明因素影响，信号紊乱，狂风与雷鸣即将侵袭沿海。\n       从学院的专员分布图和血统优势来看，无疑你是最合适人选。所以学院这次派遣你为本次行动专员，编号为SS066705S1。装备部和校工部已提前行动，请立即出发。\n:你亲爱的Norma','诺玛',0,'2026-07-11 21:17:16','SYSTEM',NULL,NULL),(347,NULL,52,'学院通知','       很遗憾通知你，你的假期提前结束了。学院的信息部在西北太平洋远洋海面检测到磁场异常，疑似龙族四大君主之一：天空与风之王复苏。检测到中心风力最大17级，已多次置换风眼，电磁场受不明因素影响，信号紊乱，狂风与雷鸣即将侵袭沿海。\n       从学院的专员分布图和血统优势来看，无疑你是最合适人选。所以学院这次派遣你为本次行动专员，编号为SS066705S1。装备部和校工部已提前行动，请立即出发。\n:你亲爱的Norma','诺玛',0,'2026-07-11 21:17:16','SYSTEM',NULL,NULL),(348,NULL,53,'学院通知','       很遗憾通知你，你的假期提前结束了。学院的信息部在西北太平洋远洋海面检测到磁场异常，疑似龙族四大君主之一：天空与风之王复苏。检测到中心风力最大17级，已多次置换风眼，电磁场受不明因素影响，信号紊乱，狂风与雷鸣即将侵袭沿海。\n       从学院的专员分布图和血统优势来看，无疑你是最合适人选。所以学院这次派遣你为本次行动专员，编号为SS066705S1。装备部和校工部已提前行动，请立即出发。\n:你亲爱的Norma','诺玛',0,'2026-07-11 21:17:16','SYSTEM',NULL,NULL),(349,NULL,74,'学院通知','       很遗憾通知你，你的假期提前结束了。学院的信息部在西北太平洋远洋海面检测到磁场异常，疑似龙族四大君主之一：天空与风之王复苏。检测到中心风力最大17级，已多次置换风眼，电磁场受不明因素影响，信号紊乱，狂风与雷鸣即将侵袭沿海。\n       从学院的专员分布图和血统优势来看，无疑你是最合适人选。所以学院这次派遣你为本次行动专员，编号为SS066705S1。装备部和校工部已提前行动，请立即出发。\n:你亲爱的Norma','诺玛',0,'2026-07-11 21:17:16','SYSTEM',NULL,NULL),(351,NULL,76,'学院通知','       很遗憾通知你，你的假期提前结束了。学院的信息部在西北太平洋远洋海面检测到磁场异常，疑似龙族四大君主之一：天空与风之王复苏。检测到中心风力最大17级，已多次置换风眼，电磁场受不明因素影响，信号紊乱，狂风与雷鸣即将侵袭沿海。\n       从学院的专员分布图和血统优势来看，无疑你是最合适人选。所以学院这次派遣你为本次行动专员，编号为SS066705S1。装备部和校工部已提前行动，请立即出发。\n:你亲爱的Norma','诺玛',0,'2026-07-11 21:17:16','SYSTEM',NULL,NULL),(352,NULL,77,'学院通知','       很遗憾通知你，你的假期提前结束了。学院的信息部在西北太平洋远洋海面检测到磁场异常，疑似龙族四大君主之一：天空与风之王复苏。检测到中心风力最大17级，已多次置换风眼，电磁场受不明因素影响，信号紊乱，狂风与雷鸣即将侵袭沿海。\n       从学院的专员分布图和血统优势来看，无疑你是最合适人选。所以学院这次派遣你为本次行动专员，编号为SS066705S1。装备部和校工部已提前行动，请立即出发。\n:你亲爱的Norma','诺玛',1,'2026-07-11 21:17:16','SYSTEM',NULL,NULL),(353,NULL,78,'学院通知','       很遗憾通知你，你的假期提前结束了。学院的信息部在西北太平洋远洋海面检测到磁场异常，疑似龙族四大君主之一：天空与风之王复苏。检测到中心风力最大17级，已多次置换风眼，电磁场受不明因素影响，信号紊乱，狂风与雷鸣即将侵袭沿海。\n       从学院的专员分布图和血统优势来看，无疑你是最合适人选。所以学院这次派遣你为本次行动专员，编号为SS066705S1。装备部和校工部已提前行动，请立即出发。\n:你亲爱的Norma','诺玛',0,'2026-07-11 21:17:16','SYSTEM',NULL,NULL),(354,NULL,79,'学院通知','       很遗憾通知你，你的假期提前结束了。学院的信息部在西北太平洋远洋海面检测到磁场异常，疑似龙族四大君主之一：天空与风之王复苏。检测到中心风力最大17级，已多次置换风眼，电磁场受不明因素影响，信号紊乱，狂风与雷鸣即将侵袭沿海。\n       从学院的专员分布图和血统优势来看，无疑你是最合适人选。所以学院这次派遣你为本次行动专员，编号为SS066705S1。装备部和校工部已提前行动，请立即出发。\n:你亲爱的Norma','诺玛',0,'2026-07-11 21:17:16','SYSTEM',NULL,NULL),(355,NULL,80,'学院通知','       很遗憾通知你，你的假期提前结束了。学院的信息部在西北太平洋远洋海面检测到磁场异常，疑似龙族四大君主之一：天空与风之王复苏。检测到中心风力最大17级，已多次置换风眼，电磁场受不明因素影响，信号紊乱，狂风与雷鸣即将侵袭沿海。\n       从学院的专员分布图和血统优势来看，无疑你是最合适人选。所以学院这次派遣你为本次行动专员，编号为SS066705S1。装备部和校工部已提前行动，请立即出发。\n:你亲爱的Norma','诺玛',0,'2026-07-11 21:17:16','SYSTEM',NULL,NULL),(356,NULL,81,'学院通知','       很遗憾通知你，你的假期提前结束了。学院的信息部在西北太平洋远洋海面检测到磁场异常，疑似龙族四大君主之一：天空与风之王复苏。检测到中心风力最大17级，已多次置换风眼，电磁场受不明因素影响，信号紊乱，狂风与雷鸣即将侵袭沿海。\n       从学院的专员分布图和血统优势来看，无疑你是最合适人选。所以学院这次派遣你为本次行动专员，编号为SS066705S1。装备部和校工部已提前行动，请立即出发。\n:你亲爱的Norma','诺玛',0,'2026-07-11 21:17:16','SYSTEM',NULL,NULL),(357,NULL,82,'学院通知','       很遗憾通知你，你的假期提前结束了。学院的信息部在西北太平洋远洋海面检测到磁场异常，疑似龙族四大君主之一：天空与风之王复苏。检测到中心风力最大17级，已多次置换风眼，电磁场受不明因素影响，信号紊乱，狂风与雷鸣即将侵袭沿海。\n       从学院的专员分布图和血统优势来看，无疑你是最合适人选。所以学院这次派遣你为本次行动专员，编号为SS066705S1。装备部和校工部已提前行动，请立即出发。\n:你亲爱的Norma','诺玛',1,'2026-07-11 21:17:16','SYSTEM',NULL,NULL),(358,NULL,83,'学院通知','       很遗憾通知你，你的假期提前结束了。学院的信息部在西北太平洋远洋海面检测到磁场异常，疑似龙族四大君主之一：天空与风之王复苏。检测到中心风力最大17级，已多次置换风眼，电磁场受不明因素影响，信号紊乱，狂风与雷鸣即将侵袭沿海。\n       从学院的专员分布图和血统优势来看，无疑你是最合适人选。所以学院这次派遣你为本次行动专员，编号为SS066705S1。装备部和校工部已提前行动，请立即出发。\n:你亲爱的Norma','诺玛',0,'2026-07-11 21:17:16','SYSTEM',NULL,NULL),(359,3,1,'','诺玛','夕阳的刻痕(作者)',1,'2026-07-11 21:41:20','PRIVATE',NULL,NULL),(360,3,1,'','晚上好','夕阳的刻痕(作者)',1,'2026-07-11 21:41:23','PRIVATE',NULL,NULL),(361,1,77,'','咋又上线了','Norma',1,'2026-07-11 22:04:37','PRIVATE',NULL,NULL),(362,77,1,'','没事看看','白咲',1,'2026-07-11 22:07:29','PRIVATE',NULL,NULL),(363,1,77,'','哈哈哈','Norma',1,'2026-07-11 22:09:17','PRIVATE',NULL,NULL),(364,1,77,'','可以','Norma',1,'2026-07-11 22:09:19','PRIVATE',NULL,NULL),(365,1,82,'','咋样','Norma',0,'2026-07-11 22:12:43','PRIVATE',NULL,NULL),(366,1,82,'','这做的','Norma',0,'2026-07-11 22:12:50','PRIVATE',NULL,NULL),(367,1,82,'','有没有需要改进的地方','Norma',0,'2026-07-11 22:13:02','PRIVATE',NULL,NULL),(369,3,1,'','你好','夕阳的刻痕(作者)',1,'2026-07-11 22:25:56','PRIVATE',NULL,NULL),(370,1,3,'','1','Norma',1,'2026-07-11 22:28:15','PRIVATE',NULL,NULL),(371,3,1,'','2','夕阳的刻痕(作者)',1,'2026-07-11 22:28:34','PRIVATE',NULL,NULL),(372,77,1,'','你怎么还同时登两个号啊？😆','白咲',1,'2026-07-11 22:29:10','PRIVATE',NULL,NULL),(373,1,77,'','我要进行测试','Norma',1,'2026-07-11 22:30:49','PRIVATE',NULL,NULL),(377,1,85,'欢迎加入卡塞尔学院社区','亲爱的 ESX 学员：\n\n我是诺玛，卡塞尔学院中央控制系统。\n\n你的注册申请已通过审核，欢迎正式成为卡塞尔学院的一员。\n\n这里是你探索龙族世界的起点。以下是你可以使用的功能：\n  📰 学院新闻 — 获取龙族世界最新动态与学院公告\n  💬 混血种乐园 — 与各派系学员自由交流，分享情报与委托\n  ✉️ 邮件系统 — 接收诺玛分发的重要通知与私信\n  👥 联系人 — 添加与你并肩作战的伙伴\n\n你的血统等级已记录在案，请时刻铭记秘党的使命——\n\"我们守望，我们战斗，直至永夜终结。\"\n\n如有任何需要，我随时在线。\n\n—— 诺玛','诺玛',0,'2026-07-11 22:37:40','SYSTEM',NULL,NULL),(378,3,80,'你的评论有新回复','夕阳的刻痕(作者) 回复了你的评论「北市有明显地震？」','夕阳的刻痕(作者)',0,'2026-07-11 23:30:00','REPLY',93,661),(385,1,16,'新用户注册待审核','用户「测试学员」刚刚注册了账号，请前往注册审核处理。','诺玛',1,'2026-07-12 01:00:29','SYSTEM',NULL,NULL),(394,1,16,'系统公告_789270','这是一条系统公告_789270','诺玛',1,'2026-07-12 01:01:12','SYSTEM',NULL,NULL),(395,1,17,'系统公告_789270','这是一条系统公告_789270','诺玛',0,'2026-07-12 01:01:12','SYSTEM',NULL,NULL),(396,1,18,'系统公告_789270','这是一条系统公告_789270','诺玛',0,'2026-07-12 01:01:12','SYSTEM',NULL,NULL),(397,1,19,'系统公告_789270','这是一条系统公告_789270','诺玛',0,'2026-07-12 01:01:12','SYSTEM',NULL,NULL),(398,1,20,'系统公告_789270','这是一条系统公告_789270','诺玛',0,'2026-07-12 01:01:12','SYSTEM',NULL,NULL),(399,1,21,'系统公告_789270','这是一条系统公告_789270','诺玛',0,'2026-07-12 01:01:12','SYSTEM',NULL,NULL),(400,1,22,'系统公告_789270','这是一条系统公告_789270','诺玛',0,'2026-07-12 01:01:12','SYSTEM',NULL,NULL),(401,1,23,'系统公告_789270','这是一条系统公告_789270','诺玛',0,'2026-07-12 01:01:12','SYSTEM',NULL,NULL),(402,1,24,'系统公告_789270','这是一条系统公告_789270','诺玛',0,'2026-07-12 01:01:12','SYSTEM',NULL,NULL),(404,1,30,'系统公告_789270','这是一条系统公告_789270','诺玛',0,'2026-07-12 01:01:12','SYSTEM',NULL,NULL),(405,1,31,'系统公告_789270','这是一条系统公告_789270','诺玛',0,'2026-07-12 01:01:12','SYSTEM',NULL,NULL),(406,1,33,'系统公告_789270','这是一条系统公告_789270','诺玛',0,'2026-07-12 01:01:12','SYSTEM',NULL,NULL),(407,1,34,'系统公告_789270','这是一条系统公告_789270','诺玛',0,'2026-07-12 01:01:12','SYSTEM',NULL,NULL),(408,1,36,'系统公告_789270','这是一条系统公告_789270','诺玛',0,'2026-07-12 01:01:12','SYSTEM',NULL,NULL),(409,1,42,'系统公告_789270','这是一条系统公告_789270','诺玛',0,'2026-07-12 01:01:12','SYSTEM',NULL,NULL),(410,1,43,'系统公告_789270','这是一条系统公告_789270','诺玛',0,'2026-07-12 01:01:12','SYSTEM',NULL,NULL),(411,1,44,'系统公告_789270','这是一条系统公告_789270','诺玛',0,'2026-07-12 01:01:12','SYSTEM',NULL,NULL),(412,1,45,'系统公告_789270','这是一条系统公告_789270','诺玛',0,'2026-07-12 01:01:12','SYSTEM',NULL,NULL),(413,1,46,'系统公告_789270','这是一条系统公告_789270','诺玛',0,'2026-07-12 01:01:12','SYSTEM',NULL,NULL),(414,1,47,'系统公告_789270','这是一条系统公告_789270','诺玛',0,'2026-07-12 01:01:12','SYSTEM',NULL,NULL),(415,1,49,'系统公告_789270','这是一条系统公告_789270','诺玛',0,'2026-07-12 01:01:12','SYSTEM',NULL,NULL),(416,1,50,'系统公告_789270','这是一条系统公告_789270','诺玛',0,'2026-07-12 01:01:12','SYSTEM',NULL,NULL),(417,1,51,'系统公告_789270','这是一条系统公告_789270','诺玛',0,'2026-07-12 01:01:12','SYSTEM',NULL,NULL),(418,1,52,'系统公告_789270','这是一条系统公告_789270','诺玛',0,'2026-07-12 01:01:12','SYSTEM',NULL,NULL),(419,1,53,'系统公告_789270','这是一条系统公告_789270','诺玛',0,'2026-07-12 01:01:12','SYSTEM',NULL,NULL),(420,1,74,'系统公告_789270','这是一条系统公告_789270','诺玛',0,'2026-07-12 01:01:12','SYSTEM',NULL,NULL),(422,1,76,'系统公告_789270','这是一条系统公告_789270','诺玛',0,'2026-07-12 01:01:12','SYSTEM',NULL,NULL),(423,1,77,'系统公告_789270','这是一条系统公告_789270','诺玛',1,'2026-07-12 01:01:12','SYSTEM',NULL,NULL),(424,1,78,'系统公告_789270','这是一条系统公告_789270','诺玛',0,'2026-07-12 01:01:12','SYSTEM',NULL,NULL),(425,1,79,'系统公告_789270','这是一条系统公告_789270','诺玛',0,'2026-07-12 01:01:12','SYSTEM',NULL,NULL),(426,1,80,'系统公告_789270','这是一条系统公告_789270','诺玛',0,'2026-07-12 01:01:12','SYSTEM',NULL,NULL),(427,1,81,'系统公告_789270','这是一条系统公告_789270','诺玛',0,'2026-07-12 01:01:12','SYSTEM',NULL,NULL),(428,1,82,'系统公告_789270','这是一条系统公告_789270','诺玛',0,'2026-07-12 01:01:12','SYSTEM',NULL,NULL),(429,1,83,'系统公告_789270','这是一条系统公告_789270','诺玛',0,'2026-07-12 01:01:12','SYSTEM',NULL,NULL),(430,1,85,'系统公告_789270','这是一条系统公告_789270','诺玛',0,'2026-07-12 01:01:12','SYSTEM',NULL,NULL),(432,1,3,'','3','诺玛',1,'2026-07-12 07:44:27','PRIVATE',NULL,NULL),(433,77,1,'','为什么之前的邮箱消息会被新消息覆盖掉','白咲',1,'2026-07-12 07:52:02','PRIVATE',NULL,NULL),(434,77,1,'','而且私信消息的AI诺玛无法正常点击','白咲',1,'2026-07-12 07:52:47','PRIVATE',NULL,NULL),(435,1,77,'','啊？','诺玛',1,'2026-07-12 07:58:24','PRIVATE',NULL,NULL),(436,1,77,'','诺玛咋了','诺玛',1,'2026-07-12 07:58:38','PRIVATE',NULL,NULL),(437,1,1,'测试','这是作者测试功能的邮件不用回复','诺玛',1,'2026-07-12 07:59:27','SYSTEM',NULL,NULL),(439,1,16,'测试','这是作者测试功能的邮件不用回复','诺玛',1,'2026-07-12 07:59:27','SYSTEM',NULL,NULL),(440,1,17,'测试','这是作者测试功能的邮件不用回复','诺玛',0,'2026-07-12 07:59:27','SYSTEM',NULL,NULL),(441,1,18,'测试','这是作者测试功能的邮件不用回复','诺玛',0,'2026-07-12 07:59:27','SYSTEM',NULL,NULL),(442,1,19,'测试','这是作者测试功能的邮件不用回复','诺玛',0,'2026-07-12 07:59:27','SYSTEM',NULL,NULL),(443,1,20,'测试','这是作者测试功能的邮件不用回复','诺玛',0,'2026-07-12 07:59:27','SYSTEM',NULL,NULL),(444,1,21,'测试','这是作者测试功能的邮件不用回复','诺玛',0,'2026-07-12 07:59:27','SYSTEM',NULL,NULL),(445,1,22,'测试','这是作者测试功能的邮件不用回复','诺玛',0,'2026-07-12 07:59:27','SYSTEM',NULL,NULL),(446,1,23,'测试','这是作者测试功能的邮件不用回复','诺玛',0,'2026-07-12 07:59:27','SYSTEM',NULL,NULL),(447,1,24,'测试','这是作者测试功能的邮件不用回复','诺玛',0,'2026-07-12 07:59:27','SYSTEM',NULL,NULL),(448,1,30,'测试','这是作者测试功能的邮件不用回复','诺玛',0,'2026-07-12 07:59:27','SYSTEM',NULL,NULL),(449,1,31,'测试','这是作者测试功能的邮件不用回复','诺玛',0,'2026-07-12 07:59:27','SYSTEM',NULL,NULL),(450,1,33,'测试','这是作者测试功能的邮件不用回复','诺玛',0,'2026-07-12 07:59:27','SYSTEM',NULL,NULL),(451,1,34,'测试','这是作者测试功能的邮件不用回复','诺玛',0,'2026-07-12 07:59:27','SYSTEM',NULL,NULL),(452,1,36,'测试','这是作者测试功能的邮件不用回复','诺玛',0,'2026-07-12 07:59:27','SYSTEM',NULL,NULL),(453,1,42,'测试','这是作者测试功能的邮件不用回复','诺玛',0,'2026-07-12 07:59:27','SYSTEM',NULL,NULL),(454,1,43,'测试','这是作者测试功能的邮件不用回复','诺玛',0,'2026-07-12 07:59:27','SYSTEM',NULL,NULL),(455,1,44,'测试','这是作者测试功能的邮件不用回复','诺玛',0,'2026-07-12 07:59:27','SYSTEM',NULL,NULL),(456,1,45,'测试','这是作者测试功能的邮件不用回复','诺玛',0,'2026-07-12 07:59:27','SYSTEM',NULL,NULL),(457,1,46,'测试','这是作者测试功能的邮件不用回复','诺玛',0,'2026-07-12 07:59:27','SYSTEM',NULL,NULL),(458,1,47,'测试','这是作者测试功能的邮件不用回复','诺玛',0,'2026-07-12 07:59:27','SYSTEM',NULL,NULL),(459,1,49,'测试','这是作者测试功能的邮件不用回复','诺玛',0,'2026-07-12 07:59:27','SYSTEM',NULL,NULL),(460,1,50,'测试','这是作者测试功能的邮件不用回复','诺玛',0,'2026-07-12 07:59:27','SYSTEM',NULL,NULL),(461,1,51,'测试','这是作者测试功能的邮件不用回复','诺玛',0,'2026-07-12 07:59:27','SYSTEM',NULL,NULL),(462,1,52,'测试','这是作者测试功能的邮件不用回复','诺玛',0,'2026-07-12 07:59:27','SYSTEM',NULL,NULL),(463,1,53,'测试','这是作者测试功能的邮件不用回复','诺玛',0,'2026-07-12 07:59:27','SYSTEM',NULL,NULL),(464,1,74,'测试','这是作者测试功能的邮件不用回复','诺玛',0,'2026-07-12 07:59:27','SYSTEM',NULL,NULL),(466,1,76,'测试','这是作者测试功能的邮件不用回复','诺玛',0,'2026-07-12 07:59:27','SYSTEM',NULL,NULL),(467,1,77,'测试','这是作者测试功能的邮件不用回复','诺玛',1,'2026-07-12 07:59:27','SYSTEM',NULL,NULL),(468,1,78,'测试','这是作者测试功能的邮件不用回复','诺玛',0,'2026-07-12 07:59:27','SYSTEM',NULL,NULL),(469,1,79,'测试','这是作者测试功能的邮件不用回复','诺玛',0,'2026-07-12 07:59:27','SYSTEM',NULL,NULL),(470,1,80,'测试','这是作者测试功能的邮件不用回复','诺玛',0,'2026-07-12 07:59:27','SYSTEM',NULL,NULL),(471,1,81,'测试','这是作者测试功能的邮件不用回复','诺玛',0,'2026-07-12 07:59:27','SYSTEM',NULL,NULL),(472,1,82,'测试','这是作者测试功能的邮件不用回复','诺玛',0,'2026-07-12 07:59:27','SYSTEM',NULL,NULL),(473,1,83,'测试','这是作者测试功能的邮件不用回复','诺玛',0,'2026-07-12 07:59:27','SYSTEM',NULL,NULL),(474,1,85,'测试','这是作者测试功能的邮件不用回复','诺玛',0,'2026-07-12 07:59:27','SYSTEM',NULL,NULL),(475,1,77,'','详细说说这两个问题','诺玛',1,'2026-07-12 08:00:13','PRIVATE',NULL,NULL),(476,1,1,'测试2','测试2','诺玛',1,'2026-07-12 08:00:29','SYSTEM',NULL,NULL),(478,1,16,'测试2','测试2','诺玛',1,'2026-07-12 08:00:29','SYSTEM',NULL,NULL),(479,1,17,'测试2','测试2','诺玛',0,'2026-07-12 08:00:29','SYSTEM',NULL,NULL),(480,1,18,'测试2','测试2','诺玛',0,'2026-07-12 08:00:29','SYSTEM',NULL,NULL),(481,1,19,'测试2','测试2','诺玛',0,'2026-07-12 08:00:29','SYSTEM',NULL,NULL),(482,1,20,'测试2','测试2','诺玛',0,'2026-07-12 08:00:29','SYSTEM',NULL,NULL),(483,1,21,'测试2','测试2','诺玛',0,'2026-07-12 08:00:29','SYSTEM',NULL,NULL),(484,1,22,'测试2','测试2','诺玛',0,'2026-07-12 08:00:29','SYSTEM',NULL,NULL),(485,1,23,'测试2','测试2','诺玛',0,'2026-07-12 08:00:29','SYSTEM',NULL,NULL),(486,1,24,'测试2','测试2','诺玛',0,'2026-07-12 08:00:29','SYSTEM',NULL,NULL),(487,1,30,'测试2','测试2','诺玛',0,'2026-07-12 08:00:29','SYSTEM',NULL,NULL),(488,1,31,'测试2','测试2','诺玛',0,'2026-07-12 08:00:29','SYSTEM',NULL,NULL),(489,1,33,'测试2','测试2','诺玛',0,'2026-07-12 08:00:29','SYSTEM',NULL,NULL),(490,1,34,'测试2','测试2','诺玛',0,'2026-07-12 08:00:29','SYSTEM',NULL,NULL),(491,1,36,'测试2','测试2','诺玛',0,'2026-07-12 08:00:29','SYSTEM',NULL,NULL),(492,1,42,'测试2','测试2','诺玛',0,'2026-07-12 08:00:29','SYSTEM',NULL,NULL),(493,1,43,'测试2','测试2','诺玛',0,'2026-07-12 08:00:29','SYSTEM',NULL,NULL),(494,1,44,'测试2','测试2','诺玛',0,'2026-07-12 08:00:29','SYSTEM',NULL,NULL),(495,1,45,'测试2','测试2','诺玛',0,'2026-07-12 08:00:29','SYSTEM',NULL,NULL),(496,1,46,'测试2','测试2','诺玛',0,'2026-07-12 08:00:29','SYSTEM',NULL,NULL),(497,1,47,'测试2','测试2','诺玛',0,'2026-07-12 08:00:29','SYSTEM',NULL,NULL),(498,1,49,'测试2','测试2','诺玛',0,'2026-07-12 08:00:29','SYSTEM',NULL,NULL),(499,1,50,'测试2','测试2','诺玛',0,'2026-07-12 08:00:29','SYSTEM',NULL,NULL),(500,1,51,'测试2','测试2','诺玛',0,'2026-07-12 08:00:29','SYSTEM',NULL,NULL),(501,1,52,'测试2','测试2','诺玛',0,'2026-07-12 08:00:29','SYSTEM',NULL,NULL),(502,1,53,'测试2','测试2','诺玛',0,'2026-07-12 08:00:29','SYSTEM',NULL,NULL),(503,1,74,'测试2','测试2','诺玛',0,'2026-07-12 08:00:29','SYSTEM',NULL,NULL),(505,1,76,'测试2','测试2','诺玛',0,'2026-07-12 08:00:29','SYSTEM',NULL,NULL),(506,1,77,'测试2','测试2','诺玛',1,'2026-07-12 08:00:29','SYSTEM',NULL,NULL),(507,1,78,'测试2','测试2','诺玛',0,'2026-07-12 08:00:29','SYSTEM',NULL,NULL),(508,1,79,'测试2','测试2','诺玛',0,'2026-07-12 08:00:29','SYSTEM',NULL,NULL),(509,1,80,'测试2','测试2','诺玛',0,'2026-07-12 08:00:29','SYSTEM',NULL,NULL),(510,1,81,'测试2','测试2','诺玛',0,'2026-07-12 08:00:29','SYSTEM',NULL,NULL),(511,1,82,'测试2','测试2','诺玛',0,'2026-07-12 08:00:29','SYSTEM',NULL,NULL),(512,1,83,'测试2','测试2','诺玛',0,'2026-07-12 08:00:29','SYSTEM',NULL,NULL),(513,1,85,'测试2','测试2','诺玛',0,'2026-07-12 08:00:29','SYSTEM',NULL,NULL),(515,3,1,'','1','夕阳的刻痕(作者)',1,'2026-07-12 08:15:15','PRIVATE',NULL,NULL),(516,3,1,'','2','夕阳的刻痕(作者)',1,'2026-07-12 08:15:17','PRIVATE',NULL,NULL),(517,3,1,'','3','夕阳的刻痕(作者)',1,'2026-07-12 08:15:19','PRIVATE',NULL,NULL),(518,3,1,'','4','夕阳的刻痕(作者)',1,'2026-07-12 08:15:20','PRIVATE',NULL,NULL),(519,3,1,'','6','夕阳的刻痕(作者)',1,'2026-07-12 08:15:29','PRIVATE',NULL,NULL),(520,3,1,'','7','夕阳的刻痕(作者)',1,'2026-07-12 08:15:35','PRIVATE',NULL,NULL),(521,3,1,'','8','夕阳的刻痕(作者)',1,'2026-07-12 08:15:43','PRIVATE',NULL,NULL),(522,3,1,'','9','夕阳的刻痕(作者)',1,'2026-07-12 08:15:48','PRIVATE',NULL,NULL),(523,3,1,'','1','夕阳的刻痕(作者)',1,'2026-07-12 08:16:13','PRIVATE',NULL,NULL),(524,3,1,'','6','夕阳的刻痕(作者)',1,'2026-07-12 08:16:36','PRIVATE',NULL,NULL),(525,3,1,'','7','夕阳的刻痕(作者)',1,'2026-07-12 08:16:47','PRIVATE',NULL,NULL),(526,3,1,'','8','夕阳的刻痕(作者)',1,'2026-07-12 08:16:51','PRIVATE',NULL,NULL),(527,3,1,'','9','夕阳的刻痕(作者)',1,'2026-07-12 08:16:53','PRIVATE',NULL,NULL),(528,3,1,'','1','夕阳的刻痕(作者)',1,'2026-07-12 08:17:06','PRIVATE',NULL,NULL),(529,3,1,'','2','夕阳的刻痕(作者)',1,'2026-07-12 08:17:08','PRIVATE',NULL,NULL),(530,1,3,'','1','诺玛',1,'2026-07-12 08:17:29','PRIVATE',NULL,NULL),(531,1,3,'','2','诺玛',1,'2026-07-12 08:17:31','PRIVATE',NULL,NULL),(532,1,3,'','3','诺玛',1,'2026-07-12 08:17:33','PRIVATE',NULL,NULL),(533,1,3,'','4','诺玛',1,'2026-07-12 08:17:46','PRIVATE',NULL,NULL),(534,1,3,'','5','诺玛',1,'2026-07-12 08:17:48','PRIVATE',NULL,NULL),(535,1,3,'','6','诺玛',1,'2026-07-12 08:17:49','PRIVATE',NULL,NULL),(548,1,3,'','2','诺玛',1,'2026-07-12 08:27:04','PRIVATE',NULL,NULL),(549,1,3,'','11','诺玛',1,'2026-07-12 08:27:08','PRIVATE',NULL,NULL),(556,75,3,'1','1','村雨',1,'2026-07-12 08:39:51','EMAIL',NULL,NULL),(557,75,3,'2','2','村雨',1,'2026-07-12 08:41:44','EMAIL',NULL,NULL),(560,77,1,'','第一个就是，之前的邮箱消息全都消失不见了','白咲',1,'2026-07-12 09:48:59','PRIVATE',NULL,NULL),(561,77,1,'','第二个就是，原本私信页面有一个诺玛（没有头像），且点进去之后显示乱码，然后刚刚我看又变成我的头像了','白咲',1,'2026-07-12 09:50:17','PRIVATE',NULL,NULL),(562,77,1,'','还有第三个，头像老是消失不见','白咲',1,'2026-07-12 09:50:56','PRIVATE',NULL,NULL),(563,1,77,'','那是因为资源文件被我弄丢了','诺玛',1,'2026-07-12 10:06:13','PRIVATE',NULL,NULL),(564,1,77,'','哈哈哈','诺玛',1,'2026-07-12 10:06:15','PRIVATE',NULL,NULL),(565,77,1,'','6','白咲',1,'2026-07-12 10:23:25','PRIVATE',NULL,NULL);
/*!40000 ALTER TABLE `message` ENABLE KEYS */;
UNLOCK TABLES;

--
-- Table structure for table `message_image`
--

DROP TABLE IF EXISTS `message_image`;
/*!40101 SET @saved_cs_client     = @@character_set_client */;
/*!50503 SET character_set_client = utf8mb4 */;
CREATE TABLE `message_image` (
  `id` bigint NOT NULL AUTO_INCREMENT COMMENT 'ID',
  `message_id` bigint NOT NULL COMMENT '消息ID',
  `url` varchar(500) NOT NULL COMMENT '图片URL',
  `sort_order` int DEFAULT '0' COMMENT '排序',
  `created_time` datetime DEFAULT CURRENT_TIMESTAMP,
  PRIMARY KEY (`id`),
  KEY `idx_message_id` (`message_id`)
) ENGINE=InnoDB AUTO_INCREMENT=2 DEFAULT CHARSET=utf8mb4 COLLATE=utf8mb4_0900_ai_ci COMMENT='消息图片表';
/*!40101 SET character_set_client = @saved_cs_client */;

--
-- Dumping data for table `message_image`
--

LOCK TABLES `message_image` WRITE;
/*!40000 ALTER TABLE `message_image` DISABLE KEYS */;
INSERT INTO `message_image` VALUES (1,13,'/uploads/messages/3abffee4e7ca424881f41b42be8ab243.png',0,'2026-07-10 15:25:21');
/*!40000 ALTER TABLE `message_image` ENABLE KEYS */;
UNLOCK TABLES;

--
-- Table structure for table `news`
--

DROP TABLE IF EXISTS `news`;
/*!40101 SET @saved_cs_client     = @@character_set_client */;
/*!50503 SET character_set_client = utf8mb4 */;
CREATE TABLE `news` (
  `id` bigint NOT NULL AUTO_INCREMENT COMMENT '新闻ID',
  `title` varchar(200) NOT NULL COMMENT '新闻标题',
  `content` text COMMENT '新闻内容',
  `cover` varchar(255) DEFAULT NULL COMMENT '封面图片URL',
  `summary` varchar(300) DEFAULT NULL COMMENT '摘要',
  `author` varchar(50) DEFAULT '诺玛' COMMENT '作者',
  `is_top` tinyint NOT NULL DEFAULT '0' COMMENT '是否置顶：0-否 1-是',
  `create_time` datetime NOT NULL DEFAULT CURRENT_TIMESTAMP COMMENT '创建时间',
  `update_time` datetime NOT NULL DEFAULT CURRENT_TIMESTAMP ON UPDATE CURRENT_TIMESTAMP COMMENT '更新时间',
  PRIMARY KEY (`id`),
  KEY `idx_create_time` (`create_time`),
  KEY `idx_is_top` (`is_top`)
) ENGINE=InnoDB AUTO_INCREMENT=18 DEFAULT CHARSET=utf8mb4 COLLATE=utf8mb4_0900_ai_ci COMMENT='新闻表';
/*!40101 SET character_set_client = @saved_cs_client */;

--
-- Dumping data for table `news`
--

LOCK TABLES `news` WRITE;
/*!40000 ALTER TABLE `news` DISABLE KEYS */;
INSERT INTO `news` VALUES (2,'秘党最新研究：龙族血统与元素共鸣的深层关联','秘党研究院今日发布了一份关于龙族血统与元素共鸣关联性的最新研究报告。报告指出，高等级血统（A级及以上）的混血种在与特定元素接触时，表现出显著高于普通混血种的共鸣频率。\n\n研究团队通过对57名志愿者的血统样本分析发现，S级血统拥有者对火元素的共鸣强度是D级血统的约12倍。这一发现可能为开发新型言灵之术提供理论基础。\n\n报告全文已在秘党内刊发布，感兴趣的学员可前往图书馆查阅。',NULL,'秘党发布血统研究新成果，S级血统火元素共鸣强度为D级的12倍。','秘党研究院',0,'2026-07-10 11:57:07','2026-07-10 11:57:07'),(3,'狮心会与学生会联合声明：年度学院竞赛即将开幕','卡塞尔学院两大核心社团——狮心会与学生会今日联合宣布，2026年度学院竞赛将于两周后正式开幕。本次竞赛将包含言灵对战、学术辩论、野外生存等多个项目。\n\n狮心会会长与学生会主席共同表示，本届竞赛旨在促进各社团交流，发掘优秀人才，同时为即将到来的毕业季预热。\n\n报名截止日期为本月25日，参赛者可通过各自社团提交报名申请。优胜者将获得由学院颁发的荣誉勋章及特殊权限。',NULL,'年度学院竞赛两周后开幕，包含言灵对战、学术辩论等项目。','狮心会·学生会',1,'2026-07-10 11:57:07','2026-07-10 11:57:07'),(4,'执行部报告：北欧地区发现疑似龙类遗迹','卡塞尔学院执行部今日提交了一份关于北欧地区最新发现的勘察报告。报告显示，在挪威北部山区发现了一处疑似古龙类活动的遗迹，现场检测到微弱的元素波动。\n\n执行部已派遣先遣队前往现场进行进一步勘察，预计两周内返回初步评估结果。校方提醒各位学员，目前该区域已被划为临时禁区，未经执行部许可不得擅自前往。\n\n这处遗迹的年代初步判定为公元9世纪左右，与北欧传说中的龙类活动高峰期吻合。如有进一步消息，执行部将及时通报。',NULL,'挪威北部发现疑似古龙遗迹，元素波动已被检测到，执行部已派遣先遣队。','执行部',0,'2026-07-10 11:57:07','2026-07-10 11:57:07'),(5,'诺玛系统全面升级：新增邮件通讯与联系人功能','尊敬的各位学员，卡塞尔学院中央控制系统「诺玛」已完成全面升级。本次升级新增以下功能：\n\n📰 新闻板块：实时获取学院官方发布的新闻与公告，了解龙族世界最新动态。\n✉️ 邮件系统：诺玛将统一分发重要通知与个人消息至您的专属邮箱，确保不错过任何关键信息。\n👥 联系人：支持通过学员ID搜索并添加好友，与同学保持联系，查看好友在线状态。\n\n请登录您的账号体验全新功能。如有任何问题或建议，请联系系统管理员。\n\n——诺玛',NULL,'诺玛系统全面升级！新增新闻、邮件、联系人三大板块，提升社区体验。','诺玛',1,'2026-07-10 11:57:07','2026-07-10 11:57:07'),(6,'Edited News','Edited content',NULL,'Edited summary','诺玛',0,'2026-07-10 12:37:41','2026-07-10 12:37:41'),(7,'楚子航晋升执行部分队长','经执行部考核委员会评定，楚子航同学在言灵·君焰的应用与实战演练中表现卓越，正式晋升为执行部第三分队队长。楚子航是目前学院最年轻的分队长之一。',NULL,'楚子航正式晋升执行部分队长，成为学院最年轻的分队长之一。','执行部',0,'2026-07-06 14:53:03','2026-07-10 14:53:02'),(8,'昂热校长将出席国际秘党峰会','卡塞尔学院校长希尔伯特·让·昂热将于下周前往瑞士日内瓦，出席由国际秘党元老会召集的紧急峰会。据信，峰会主题与近期北欧发现的多处龙类遗迹有关。',NULL,'昂热校长下周赴日内瓦出席秘党紧急峰会，议题涉及北欧龙类遗迹。','校长办公室',1,'2026-07-04 14:53:03','2026-07-10 14:53:02'),(9,'龙族文字破译取得重大突破','卡塞尔学院语言学研究组宣布，通过对挪威遗迹出土的符文石刻进行分析，已成功破译了海洋与水之王时代的部分龙族文字。这项成果将极大推动龙族历史研究的进展。',NULL,'学院语言组破译海洋与水之王时代龙族文字，推动历史研究。','学术委员会',0,'2026-07-02 14:53:03','2026-07-10 14:53:02'),(10,'言灵·时间零的修炼风险警告','近期有学员在未授权情况下私自尝试修炼高阶言灵·时间零，执行部已介入调查。校方重申：时间零属于A级及以上高危言灵，需在导师全程监督下进行。私自修炼可能导致不可逆的时间流反噬。',NULL,'警告：言灵·时间零私自修炼存在高风险，校方严禁未授权修炼。','执行部',0,'2026-07-08 14:53:03','2026-07-10 14:53:02'),(11,'年度学院竞赛赛程公布','2026年度学院竞赛组委会今日公布完整赛程。本次竞赛新增\"遗迹探索\"与\"古文字破译\"两个项目，共设六大竞赛单元。决赛将在卡塞尔学院主竞技场举行，届时全校直播。',NULL,'年度竞赛赛程公布，新增遗迹探索与古文字破译两大项目。','竞赛组委会',1,'2026-07-07 14:53:03','2026-07-10 14:53:02'),(12,'秘银价格持续上涨引发炼金材料紧缺','据学院炼金术系报告，由于全球秘银产量下降，秘银市场价格在过去三个月上涨了47%。多门炼金实验课面临材料短缺。校方已启动战略储备方案，并与秘党矿业部门协商增加供应。',NULL,'秘银价格上涨47%，炼金课材料短缺，校方启动储备方案。','炼金术系',0,'2026-06-30 14:53:03','2026-07-10 14:53:02'),(13,'路明非被提名年度杰出学员','学生会今日宣布，路明非同学因在自由一日中的出色表现以及对社团活动的积极参与，被提名为2026年度卡塞尔学院杰出学员候选人。其他候选人还包括楚子航和恺撒·加图索。最终结果将在年度竞赛闭幕式上公布。',NULL,'路明非提名年度杰出学员，与楚子航、恺撒共同角逐。','学生会',0,'2026-07-05 14:53:03','2026-07-10 14:53:02'),(14,'施耐德教授发布龙族生态研究报告','执行部部长施耐德教授在最新一期的《秘党学术月刊》上发表了关于龙族生态系统的长篇研究报告。报告基于三十年追踪数据，揭示了龙族在不同环境的适应机制与进化路径。',NULL,'施耐德教授发布龙族生态研究，揭示龙族适应机制与进化路径。','执行部',0,'2026-06-28 14:53:03','2026-07-10 14:53:02'),(16,'测试','这是一个测试','','测试','诺玛',0,'2026-07-10 18:25:58','2026-07-10 18:25:58');
/*!40000 ALTER TABLE `news` ENABLE KEYS */;
UNLOCK TABLES;

--
-- Table structure for table `post`
--

DROP TABLE IF EXISTS `post`;
/*!40101 SET @saved_cs_client     = @@character_set_client */;
/*!50503 SET character_set_client = utf8mb4 */;
CREATE TABLE `post` (
  `id` bigint NOT NULL AUTO_INCREMENT COMMENT '帖子ID',
  `title` varchar(200) NOT NULL COMMENT '标题',
  `content` text NOT NULL COMMENT '正文内容',
  `category` tinyint NOT NULL DEFAULT '1' COMMENT '分类：1-闲聊 2-史料 3-委托 4-交换',
  `user_id` bigint NOT NULL COMMENT '发布者用户ID',
  `view_count` int NOT NULL DEFAULT '0' COMMENT '浏览量',
  `comment_count` int NOT NULL DEFAULT '0' COMMENT '评论数',
  `is_top` tinyint NOT NULL DEFAULT '0' COMMENT '是否置顶：0-否 1-是',
  `create_time` datetime NOT NULL DEFAULT CURRENT_TIMESTAMP COMMENT '创建时间',
  `update_time` datetime NOT NULL DEFAULT CURRENT_TIMESTAMP ON UPDATE CURRENT_TIMESTAMP COMMENT '更新时间',
  PRIMARY KEY (`id`),
  KEY `idx_user_id` (`user_id`),
  KEY `idx_category` (`category`),
  KEY `idx_is_top` (`is_top`),
  KEY `idx_create_time` (`create_time`)
) ENGINE=InnoDB AUTO_INCREMENT=110 DEFAULT CHARSET=utf8mb4 COLLATE=utf8mb4_0900_ai_ci COMMENT='帖子表';
/*!40101 SET character_set_client = @saved_cs_client */;

--
-- Dumping data for table `post`
--

LOCK TABLES `post` WRITE;
/*!40000 ALTER TABLE `post` DISABLE KEYS */;
INSERT INTO `post` VALUES (11,'【委托】寻找失落的高阶炼金术笔记','据执行部档案记载，二战期间有一位S级前辈在柏林执行任务时遗落了一本炼金术研究笔记。该笔记记载了关于青铜与火之王的精炼配方，对目前的龙类研究极具价值。\n\n现委托各位学员，如有任何关于这本笔记下落的线索，请通过邮件与我联系。报酬面议。\n\n——学生会学术部',3,1,925,4,0,'2026-06-28 14:46:44','2026-07-11 09:13:48'),(12,'今天在图书馆看到了楚子航','他坐在靠窗的位置看书，旁边没有人敢靠近……那种气场真的无法形容。\n\n我鼓起勇气想过去问他关于言灵·君焰的修炼方法，但走到一半腿就不听使唤了。\n\n有人跟他说过话吗？他是不是真的那么可怕？',1,3,2340,5,0,'2026-07-03 14:46:44','2026-07-11 09:13:48'),(13,'狮心会招收新成员公告','狮心会2026年度春季招新正式开启。\n\n入选标准：\n1. 血统等级B级及以上\n2. 通过体能测试与言灵实战考核\n3. 认同狮心会\"守护人类、猎杀龙族\"的宗旨\n\n报名请到狮心会总部领取申请表，截止日期本月30日。\n\n——狮心会 会长',1,1,1354,4,0,'2026-07-07 14:46:44','2026-07-11 09:13:48'),(15,'恺撒又帮路明非订座了','今天在Rotfront餐厅看到路明非一个人坐在包间里，后来才知道是恺撒提前帮他订的。\n\n据说因为上次自由一日的时候恺撒输给了路明非，所以对他格外照顾？\n\n这两人的关系到底算敌人还是朋友啊……',1,3,5946,5,0,'2026-07-08 14:46:44','2026-07-12 09:52:37'),(16,'自由一日复盘帖：学生会失利分析','自由一日已经过去两周了，作为一个旁观者复盘一下学生会的战术。\n\n1. 恺撒使用了言灵·镰鼬，理论上应该占据信息优势，但路明非的战术实在太诡异了\n2. 学生会过于依赖恺撒的个人能力，团队配合出现断层\n3. 路明非利用了卡塞尔学院的地形优势和出其不意的战术思路\n\n欢迎理性讨论。',1,1,2918,5,0,'2026-07-02 14:46:44','2026-07-11 09:42:38'),(17,'【史料】关于白王的历史考证','最近在古籍中翻到一段关于白王的有趣记载。\n\n根据公元9世纪的北欧手稿，白王曾经与青铜与火之王爆发过一次规模空前的战争，战场位于现在的格陵兰岛附近。当时海洋沸腾了三天三夜，天空被染成红色。\n\n有没有人对这段历史感兴趣的一起研究？\n\n——历史研究组',2,1,1668,4,0,'2026-06-26 14:46:44','2026-07-12 07:55:51'),(20,'新生3E考试经验分享','刚通过3E考试，血统评定B级，给大家分享一下经验。\n\n1. 历史类题目占比最高，建议考前多看《龙族通史》前五章\n2. 困境选择题的答案不是选\"最英勇\"的，而是选\"最合理\"的\n3. 血统测试不要紧张，紧张反而会影响结果\n\n各位新生加油，3E考试没有想象中那么可怕。',1,3,6959,7,0,'2026-07-06 14:46:44','2026-07-11 22:46:42'),(21,'执行部近期在北欧有新发现','听执行部的前辈说，挪威那边的勘察队已经发回了初步报告。遗址里发现了一些符文石刻，初步判断属于海洋与水之王时代的遗物。\n\n如果确认的话，这将是近二十年来最重要的龙族遗迹发现之一。\n\n不过目前还是机密，详细内容可能要等执行部正式通报。',2,1,2094,4,0,'2026-07-04 14:46:44','2026-07-11 09:13:48'),(31,'关于狮心会招新的几点说明','本学期狮心会招新工作即将开始。以下几点请有意加入的同学注意：\n\n1. 招新面试定于本周六下午2点，在3号教学楼201教室\n2. 请携带血统测评报告复印件\n3. 面试将包含基础体能测试\n4. 无需提前准备，临场发挥也是考察的一部分\n\n有意者请在本帖下回复报名。\n——狮心会会长 楚子航',1,42,112,4,0,'2026-07-09 19:21:15','2026-07-11 09:13:48'),(32,'学生会公告：迎新派对','各位新同学，我是学生会主席恺撒·加图索。\n\n按照惯例，学生会将在本周五晚举办本学年最盛大的迎新派对。地点在学院宴会厅，酒水畅饮，音乐不停。\n\n特别注意：着装要求——正装。不允许穿拖鞋和睡衣入场，芬格尔，说的就是你。\n\n报名方式：在本帖下回复即可。加图索家的派对，不来是你的损失。',1,43,128,4,0,'2026-07-10 01:21:15','2026-07-11 09:13:48'),(33,'图书馆四楼有个秘密角落','嘘——告诉你们一个秘密。\n\n图书馆四楼最里面那排书架后面，有一扇不起眼的门。推开门是一个小阳台，能看到整个卡塞尔学院的日落。风从山那边吹过来的时候，能听到钟楼的钟声。\n\n我是在逃课的时候发现的，但别告诉曼施坦因教授。\n\n那里是我在卡塞尔最喜欢的地方，现在分享给你们。不过去的人太多了我就不去了，毕竟——我是师姐了嘛，要成熟一点。',1,46,191,4,0,'2026-07-10 07:21:15','2026-07-11 12:31:26'),(34,'【情报】关于食堂三楼新开的窗口','独家情报！食堂三楼新开了一个窗口，老板是中国人，卖的是正宗兰州拉面。\n\n我芬格尔以F级的名誉担保，这绝对是我在卡塞尔三年来吃过最好吃的东西。一碗牛肉拉面，加辣加香菜，只要5卡塞尔币。\n\n唯一的缺点是排队的人太多了，建议下午三点去，避开高峰期。\n\n——你们亲爱的F级师兄 芬格尔',1,45,53,5,0,'2026-07-10 11:21:15','2026-07-11 09:13:48'),(35,'任务报告：冰窖日常巡逻记录','执行部冰窖巡逻任务记录。\n\n日期：本周三\n巡逻人员：零\n\nB区第七层封印正常。C区第三号储藏柜温度偏高0.3度，已做记录并上报。东侧走廊监控摄像头的红外感应器有间歇性故障，已通知技术部维修。\n\n无异常情况。\n\n另：冰窖里的那具龙类标本，左眼在夜里好像会发光。建议技术部检查一下。\n——执行部 零',1,47,103,5,0,'2026-07-10 13:21:15','2026-07-11 22:17:06'),(37,'今天在校园里看到一只小猫','今天在校园里看到一只白色的小猫，它蹲在喷泉旁边舔爪子。绘梨衣蹲下来看着它，它也不怕绘梨衣，还走过来蹭了蹭绘梨衣的脚。\n\n绘梨衣很开心。但是零姐姐说不能带回宿舍。\n\n小猫你明天还会在这里吗？绘梨衣带了小鱼干来。\n\n(附：谢谢路明非哥哥给绘梨衣买的小鱼干)',1,51,144,5,0,'2026-07-10 23:21:15','2026-07-11 19:36:58'),(38,'给哥哥的一封信','亲爱的哥哥：\n\n你最近过得还好吗？卡塞尔的生活还习惯吗？\n\n我知道你看到这封信一定会很惊讶——你的弟弟怎么会在这个论坛上。但你看，互联网就是这么神奇的东西。\n\n顺便说一句，楚师兄的那把村雨，刀鞘里藏着的东西你注意到了吗？诺诺姐的红色跑车，油箱盖下面有一把备用钥匙。\n\n我只是随便说说，你别往心里去。\n\n什么时候想我了，就抬头看看月亮吧。\n——你的弟弟 路鸣泽',1,52,20,5,0,'2026-07-11 01:21:15','2026-07-11 23:13:15'),(39,'论如何正确识别一个S级菜鸟','分享一个快速识别S级新生的方法：\n\n1. 走路低着头，看起来特别怂\n2. 说话结结巴巴，一副\"我什么都不会\"的样子\n3. 但一到考试或者实战，画风突变\n4. 通常身边会有一个看起来跟他完全不是一个画风的朋友\n\n参考案例：路明非。\n\n别问我怎么知道的。作为师姐，我看人一向很准。\n\n顺便提醒某些人，S级不代表可以逃掉狮心会的训练课哟 @路明非',1,44,197,5,0,'2026-07-11 03:21:15','2026-07-12 00:08:38'),(62,'剑术的本质不是杀人，是保护','最近在指导新学员的时候，有人问我：\"楚师兄，剑术练到最后是什么？\"\n\n我想了很久。小时候练剑，是为了变强。进了狮心会，是为了守护。执行部出任务，是为了不让更多人死去。\n\n剑术的本质不是杀戮。村雨不是为斩人而铸的——它是为斩断不该存在的东西。\n\n如果你也正在练剑，记住这一点：握刀的手，也可以握住别人的手。',2,42,745,5,0,'2026-07-08 17:51:15','2026-07-11 13:06:20'),(63,'关于夏弥擅自离校的报告','狮心会副会长夏弥，于本周三未经报备擅自离校，次日凌晨从图书馆四楼阳台翻窗返回宿舍。\n\n已对其进行口头警告。但鉴于夏弥同学认错态度良好，且系初犯，建议从轻处理。\n\n附：下次再犯，罚扫狮心会训练场一个月。\n——楚子航',1,42,373,5,0,'2026-07-09 03:40:15','2026-07-11 17:37:42'),(67,'关于「领袖」的定义','有人问我，什么样的人才能做领袖。\n\n答案很简单：当所有人都在后退的时候，你站在那里。不是因为你勇敢，而是因为你知道——身后没有人了。\n\n加图索家的家训从来不是\"统治\"，而是\"守护\"。守护你的家族，守护你的同伴，守护你认为对的事。\n\n所以路明非，下次任务别躲在我后面了。你也是S级。到我身边来。',4,43,305,0,0,'2026-07-09 10:49:15','2026-07-11 15:29:49'),(68,'学生会内部通告——关于食堂抢占座位的若干规定','近日收到大量新生投诉，称食堂三楼靠窗位置长期被某F级师兄霸占用于午睡。\n\n经学生会研究决定：\n1. 食堂座位实行\"先到先得，人走座空\"原则\n2. 禁止用书包、外套等物品长期占座\n3. 特别针对芬格尔·冯·弗林斯同学——禁止在食堂座位上睡觉超过30分钟\n\n以上规定自发布之日起执行。\n——学生会主席 恺撒·加图索',2,43,788,4,0,'2026-07-08 15:31:15','2026-07-11 09:13:48'),(70,'周末一起去市区逛街吧','这周末天气不错，打算去市区转转。\n\n目标：新开的商场、那家据说很好吃的甜品店、还有——给绘梨衣买几个新发卡。\n\n有意向的姐妹评论区举手。\n\n（男生勿扰，除非你愿意帮忙拎包。）',3,44,290,4,0,'2026-07-10 21:34:15','2026-07-11 19:36:50'),(71,'【重磅】卡塞尔餐厅测评——第一弹','各位学弟学妹们，师兄我花了七年时间，吃遍了卡塞尔每一个可以吃东西的地方。今天开始做一个系列测评。\n\n第一期：食堂一楼\n推荐指数：★★☆☆☆\n理由：中规中矩，土豆炖牛肉里的牛肉需要拿显微镜找。\n\n第二期：食堂二楼（自选窗口）\n推荐指数：★★★☆☆\n理由：选择多，味道尚可。推荐糖醋里脊，是大师傅的拿手菜。\n\n第三期：食堂三楼（兰州拉面窗口）\n推荐指数：★★★★★\n理由：我芬格尔愿意用F级的尊严发誓，这是我吃过最好吃的拉面。\n\n下期预告：学院咖啡厅的隐藏菜单。',1,45,349,5,0,'2026-07-09 11:47:15','2026-07-11 09:13:48'),(72,'关于我毕业论文的进度说明','收到很多同学和老师的关心，在此统一回复：\n\n我的毕业论文题目是《论卡塞尔学院食堂菜谱变迁与混血种体能需求的相关性研究》。\n\n目前已完成的章节：第一章（引言）写了三段。\n\n预计完成时间：等我再吃一年食堂收集够数据再说。\n\n谢谢大家的关心。另：昂热校长的红酒真好喝。',1,45,394,5,0,'2026-07-09 13:27:15','2026-07-11 15:07:23'),(73,'狮心会的秘密基地被我发现了','狮心会训练场后面有一个小仓库，里面堆满了旧训练器材。\n\n但是——推开最里面那个柜子，后面有一扇门。\n\n门后面是一个大概十平米的小房间，有一张沙发、一盏落地灯、还有一个书架，上面全是漫画书。\n\n沙发靠背上用马克笔写着：\"楚子航的私人领地，闯入者死。\"\n\n狮心会会长大人，没想到你是这样的楚师兄哈哈哈哈哈哈！\n\n放心，我不会告诉别人的。除非你请我吃冰淇淋。',3,46,724,5,0,'2026-07-10 06:21:15','2026-07-11 09:13:48'),(74,'风王之瞳的正确用法——实战篇','上次发了风王之瞳的偷听教程之后，曼施坦因教授又给我记了一笔。\n\n好吧，今天说点正经的。\n\n风王之瞳在实战中的用法：\n1. 侦查：风是你的眼睛，30米范围内任何动静都逃不过\n2. 干扰：定向风力可以扰乱对方的攻击轨迹\n3. 防御：压缩空气形成屏障，可以挡子弹（限3发以内）\n4. 攻击：这个就不说了，怕被教授看见\n\n师姐只能帮你们到这里了。',4,46,387,4,0,'2026-07-09 19:44:15','2026-07-11 15:29:22'),(75,'冰窖C区——为什么总有人想闯进去','本月第三次抓到有人在冰窖C区附近鬼鬼祟祟。\n\nC区存放的是……算了，说了你们也听不懂。\n\n总之：\n1. 冰窖不是观光景点\n2. C区不是约会场所\n3. 再抓到人直接扭送执行部\n\n——零 留',1,47,209,4,0,'2026-07-10 20:48:15','2026-07-11 14:59:43'),(77,'绘梨衣的小鱼干被偷了','呜……绘梨衣放在窗台上晒的小鱼干，今天早上发现少了一半。\n\n绘梨衣问了零姐姐，零姐姐说不是她拿的。\n问了诺诺姐姐，诺诺姐姐说可能是小猫拿的。\n绘梨衣觉得小猫没有那么高，窗台很高很高的。\n\n后来路明非哥哥说——他昨天看到芬格尔师兄从女生宿舍楼下经过，嘴里还在嚼什么东西。\n\n芬格尔师兄！！！那是绘梨衣给喷泉小猫准备的！！！',1,51,832,5,0,'2026-07-08 23:11:15','2026-07-11 09:13:48'),(78,'今天学会了做巧克力','今天零姐姐教绘梨衣做手工巧克力！\n\n第一步：把巧克力切碎。绘梨衣切得很好！只有两块掉地上了。\n第二步：隔水加热搅拌。零姐姐说不能太热，绘梨衣很小心。\n第三步：倒进模具里。绘梨衣做了小熊形状的！\n第四步：放进冰箱等它变硬。\n\n做好的巧克力，绘梨衣送了一块给路明非哥哥，一块给零姐姐，一块给诺诺姐姐。\n还有一块——绘梨衣自己吃了。\n好吃！下次绘梨衣要做抹茶味的！',2,51,398,5,0,'2026-07-09 07:05:15','2026-07-11 16:53:44'),(79,'猎刀保养心得','狄克推多和奥古斯都是孪生刀。\n\n恺撒少爷的狄克推多我每个月都会保养一次。\n\n步骤：清灰→上油→打磨→抛光。\n\n一把好刀跟一个忠诚的仆人一样，不需要说话，只需要在需要的时候——不出错。',3,53,472,4,0,'2026-07-10 01:47:15','2026-07-11 10:04:45'),(80,'无题','少爷今天在训练中被楚子航的剑气划伤了手臂。\n\n伤口不深，我已经处理好了。\n\n但少爷笑着说：\"帕西，你说我跟楚子航，到底谁更强？\"\n\n我没有回答。\n\n因为我的职责不是评判，而是——确保少爷永远不会输。\n\n即使要我用命去换。',4,53,769,1,0,'2026-07-09 21:45:15','2026-07-11 09:42:07'),(82,'雨天训练的特别意义','雨天训练是我个人的习惯。\n\n不是因为我喜欢淋雨。是因为真正的战斗不会挑天气。\n\n在雨中，视线会模糊，地面会打滑，刀的重量会增加——但你的对手也一样。\n\n所以下次下雨的时候，别躲在宿舍里了。来训练场。\n\n我在这里等你。',4,42,227,5,0,'2026-07-09 23:35:43','2026-07-11 15:29:15'),(83,'合作比竞争更重要','今天是跟狮心会联合训练的日子。\n\n看着楚子航站在我对面，我忽然意识到一件事：\n\n我们在学院里争了这么久——但真正上战场的时候，站在我身边的可能就是他。\n\n所以，楚会长。下次训练，我不会留手。\n希望你也是。',1,43,397,3,0,'2026-07-10 00:35:43','2026-07-11 09:13:48'),(84,'关于「王」的定义','加图索家的男人从小就被教育一件事：你是王。\n\n但我在卡塞尔学到了另一件事：\n\n真正的王，不是站在最高处发号施令的人。\n而是愿意走到最前面，为身后的人挡住第一刀的人。',1,43,389,5,0,'2026-07-11 05:35:43','2026-07-11 22:33:07'),(85,'今天在图书馆看到的一幕','今天在图书馆看到楚子航在指导路明非写作业。\n\n楚师兄讲得很认真，路明非听得很认真——虽然从他的表情来看，大概率没听懂。\n\n然后楚师兄叹了口气，把本子拿过来，直接帮他把题做了。\n\n还写了批注：下次不会的来问我。\n\n……楚师兄你是不是太宠他了？',1,44,601,5,0,'2026-07-10 21:35:43','2026-07-11 19:37:11'),(87,'今天在喷泉边遇到了路明非哥哥','今天绘梨衣在喷泉边喂小猫的时候，路明非哥哥也来了。\n\n他带了一整袋猫粮和一盒牛奶。\n\n绘梨衣问他为什么对小猫这么好。\n\n路明非哥哥说：因为没有人对它们好的时候，至少还有我能对它们好。\n\n绘梨衣觉得，路明非哥哥是一个很温柔的人。',4,51,622,6,0,'2026-07-09 16:35:43','2026-07-11 19:40:28'),(88,'哥哥不在的时候','哥哥最近不在线。\n\n大概是忙着在卡塞尔跟朋友们一起玩吧。\n\n也好。\n\n不过哥哥，你有没有想过——\n你身边的那些朋友，真的是朋友吗？\n\n……我只是随便问问。别往心里去。',3,52,477,5,0,'2026-07-09 15:35:43','2026-07-11 09:13:48'),(89,'日常记录','少爷今天心情不错。\n\n原因是他在训练中赢了一局。\n\n我没告诉他楚子航今天右手有伤。\n\n少爷需要的是自信，不是公平。',1,53,521,4,0,'2026-07-09 09:35:43','2026-07-11 09:21:15'),(90,'冰窖巡查日志——特别篇','今天在冰窖B区巡查时，发现角落里有一袋小鱼干。\n\n上面贴着一张纸条：给康斯坦丁——路明非。\n\n……冰窖里没有人。但他好像还是送了。\n\n我把小鱼干放回了原位。\n\n就当没看见。',3,47,474,6,0,'2026-07-10 15:35:43','2026-07-11 20:26:46'),(92,'新用户注册必看！！！','由于注册需要通过管理员账号审核通过才能正常登陆，但是作者本人懒得帮你们审核，所以在这里把昂热校长管理员账号下放给你们，该管理账号只有审核注册的权限：账号：ange   密码：155262',1,1,65,1,1,'2026-07-11 09:34:51','2026-07-12 07:53:00'),(93,'北市有明显地震？','根据新闻报道，北市地铁站处有明显地震，地震导致多人受伤',1,75,34,2,0,'2026-07-11 09:56:09','2026-07-11 23:29:59'),(95,'热热热热热热','我作为专员来到x市进行调查任务，h市我严重怀疑这里有青铜与火之王',1,3,67,3,0,'2026-07-11 14:04:24','2026-07-11 20:32:35'),(96,'关于网站的建议','大家好，我是作者本人，如果有什么页面设计，或者新的功能的相关建议可以向我发邮件或私信，我会根据可行度进行修改和更新，谢谢大家的支持',1,1,59,0,0,'2026-07-11 15:19:17','2026-07-12 00:20:47');
/*!40000 ALTER TABLE `post` ENABLE KEYS */;
UNLOCK TABLES;

--
-- Table structure for table `post_image`
--

DROP TABLE IF EXISTS `post_image`;
/*!40101 SET @saved_cs_client     = @@character_set_client */;
/*!50503 SET character_set_client = utf8mb4 */;
CREATE TABLE `post_image` (
  `id` bigint NOT NULL AUTO_INCREMENT COMMENT '图片ID',
  `post_id` bigint NOT NULL COMMENT '帖子ID',
  `url` varchar(500) NOT NULL COMMENT '图片URL',
  `sort_order` int DEFAULT '0' COMMENT '排序',
  `created_time` datetime DEFAULT CURRENT_TIMESTAMP COMMENT '创建时间',
  PRIMARY KEY (`id`),
  KEY `idx_post_id` (`post_id`)
) ENGINE=InnoDB AUTO_INCREMENT=12 DEFAULT CHARSET=utf8mb4 COLLATE=utf8mb4_0900_ai_ci COMMENT='帖子图片表';
/*!40101 SET character_set_client = @saved_cs_client */;

--
-- Dumping data for table `post_image`
--

LOCK TABLES `post_image` WRITE;
/*!40000 ALTER TABLE `post_image` DISABLE KEYS */;
INSERT INTO `post_image` VALUES (10,92,'/uploads/posts/5f0a3ab4896141d3beae7e4deb138e74.png',0,'2026-07-12 10:19:28'),(11,96,'/uploads/posts/c03c0552a5d744138fe9f0fc6ac1b8bb.png',0,'2026-07-12 10:36:04');
/*!40000 ALTER TABLE `post_image` ENABLE KEYS */;
UNLOCK TABLES;

--
-- Table structure for table `post_view`
--

DROP TABLE IF EXISTS `post_view`;
/*!40101 SET @saved_cs_client     = @@character_set_client */;
/*!50503 SET character_set_client = utf8mb4 */;
CREATE TABLE `post_view` (
  `id` bigint NOT NULL AUTO_INCREMENT,
  `user_id` bigint NOT NULL,
  `post_id` bigint NOT NULL,
  `create_time` datetime DEFAULT CURRENT_TIMESTAMP,
  PRIMARY KEY (`id`),
  UNIQUE KEY `uk_user_post` (`user_id`,`post_id`)
) ENGINE=InnoDB AUTO_INCREMENT=29 DEFAULT CHARSET=utf8mb4 COLLATE=utf8mb4_0900_ai_ci;
/*!40101 SET character_set_client = @saved_cs_client */;

--
-- Dumping data for table `post_view`
--

LOCK TABLES `post_view` WRITE;
/*!40000 ALTER TABLE `post_view` DISABLE KEYS */;
INSERT INTO `post_view` VALUES (1,3,92,'2026-07-11 18:32:28'),(2,3,39,'2026-07-11 18:49:08'),(3,3,96,'2026-07-11 18:50:11'),(4,3,95,'2026-07-11 18:50:20'),(5,3,38,'2026-07-11 18:50:28'),(6,1,96,'2026-07-11 19:22:38'),(7,1,95,'2026-07-11 19:35:59'),(8,1,70,'2026-07-11 19:36:51'),(9,1,37,'2026-07-11 19:36:59'),(10,1,85,'2026-07-11 19:37:12'),(11,1,87,'2026-07-11 19:38:57'),(12,3,87,'2026-07-11 19:40:28'),(13,1,39,'2026-07-11 19:44:04'),(14,82,90,'2026-07-11 20:26:47'),(15,82,95,'2026-07-11 20:32:36'),(16,1,92,'2026-07-11 20:43:28'),(17,77,96,'2026-07-11 20:50:01'),(18,1,35,'2026-07-11 22:17:06'),(19,1,84,'2026-07-11 22:33:07'),(20,3,20,'2026-07-11 22:46:43'),(21,1,93,'2026-07-11 23:13:10'),(22,1,38,'2026-07-11 23:13:15'),(23,3,93,'2026-07-11 23:29:37'),(24,16,92,'2026-07-11 23:53:07'),(26,77,92,'2026-07-12 07:53:00'),(27,77,17,'2026-07-12 07:55:52'),(28,77,15,'2026-07-12 09:52:37');
/*!40000 ALTER TABLE `post_view` ENABLE KEYS */;
UNLOCK TABLES;

--
-- Table structure for table `question`
--

DROP TABLE IF EXISTS `question`;
/*!40101 SET @saved_cs_client     = @@character_set_client */;
/*!50503 SET character_set_client = utf8mb4 */;
CREATE TABLE `question` (
  `id` bigint NOT NULL AUTO_INCREMENT COMMENT '题目ID',
  `category` varchar(20) NOT NULL COMMENT '板块: 密党常识/困境选择/价值取向',
  `question` text NOT NULL COMMENT '题目内容',
  `option_a` varchar(300) NOT NULL COMMENT '选项A',
  `option_b` varchar(300) NOT NULL COMMENT '选项B',
  `option_c` varchar(300) NOT NULL COMMENT '选项C',
  `option_d` varchar(300) NOT NULL COMMENT '选项D',
  `answer` char(1) NOT NULL COMMENT '正确答案: A/B/C/D',
  `created_time` datetime DEFAULT CURRENT_TIMESTAMP,
  PRIMARY KEY (`id`)
) ENGINE=InnoDB AUTO_INCREMENT=85 DEFAULT CHARSET=utf8mb4 COLLATE=utf8mb4_0900_ai_ci COMMENT='血统测试题库';
/*!40101 SET character_set_client = @saved_cs_client */;

--
-- Dumping data for table `question`
--

LOCK TABLES `question` WRITE;
/*!40000 ALTER TABLE `question` DISABLE KEYS */;
INSERT INTO `question` VALUES (1,'密党常识','秘党的全称是什么？','秘密党员会','秘密党','龙族秘密党派','秘传党','B','2026-07-10 13:49:38'),(2,'密党常识','卡塞尔学院位于哪个国家？','英国','德国','美国','法国','C','2026-07-10 13:49:38'),(3,'密党常识','卡塞尔学院现任校长是谁？','希尔伯特·让·昂热','曼施坦因','古德里安','施耐德','A','2026-07-10 13:49:38'),(4,'密党常识','龙族血统等级中最高等级是什么？','A级','超A级','S级','SSS级','C','2026-07-10 13:49:38'),(5,'密党常识','执行部的职责是什么？','学术研究','追踪和猎杀龙类','学员管理','财务审计','B','2026-07-10 13:49:38'),(6,'密党常识','狮心会的创始人是谁？','恺撒加图索','楚子航','梅涅克卡塞尔','路明非','C','2026-07-10 13:49:38'),(7,'密党常识','卡塞尔学院的校训是什么？','凡王之血必以剑终','知识就是力量','勇者无畏','光明与真理','A','2026-07-10 13:49:38'),(8,'密党常识','龙族分为几大君主？','六位','七位','四位','八位','D','2026-07-10 13:49:38'),(9,'密党常识','学生会会长恺撒的言灵是什么？','时间零','镰鼬','不朽','黑日','B','2026-07-10 13:49:38'),(10,'密党常识','秘党与龙族的关系是什么？','盟友','死敌','中立','从属','B','2026-07-10 13:49:38'),(11,'密党常识','诺玛在卡塞尔学院中扮演什么角色？','校长','学生会长','中央AI系统','图书馆员','C','2026-07-10 13:49:38'),(12,'密党常识','青铜与火之王的名字是什么？','诺顿','康斯坦丁','尼德霍格','耶梦加得','A','2026-07-10 13:49:38'),(13,'密党常识','执行部部长是谁？','昂热','施耐德','曼施坦因','古德里安','B','2026-07-10 13:49:38'),(14,'密党常识','天空与风之王代表什么元素？','火与青铜','风与天空','水与海洋','大地与山脉','B','2026-07-10 13:49:38'),(15,'密党常识','龙族四大君主中不包括哪个？','青铜与火之王','大地与山之王','天空与风之王','混沌与暗之王','D','2026-07-10 13:49:38'),(16,'密党常识','卡塞尔学院的年度竞赛不包括什么？','言灵对战','学术辩论','热气球比赛','魁地奇比赛','D','2026-07-10 13:49:38'),(17,'密党常识','秘党对混血种的立场是什么？','消灭所有混血种','培养对抗龙族','与混血种和平共处','奴役混血种','B','2026-07-10 13:49:38'),(18,'密党常识','以下哪项不是卡塞尔学院的真实教学内容？','龙族历史学','言灵修炼','魔法咒语','炼金术','C','2026-07-10 13:49:38'),(19,'密党常识','白王的称号是什么？','青铜与火之王','大地与山之王','天空与风之王','海洋与水之王','D','2026-07-10 13:49:38'),(20,'密党常识','密党的最高权力机构是什么？','校董会','元老会','执行部','学术委员会','B','2026-07-10 13:49:38'),(21,'密党常识','狮心会和学生会的主要区别是？','血统高低','理念与风格不同','人数多少','成立时间先后','B','2026-07-10 13:49:38'),(22,'困境选择','发现同学使用禁术你会怎么做？','立即上报执行部','私下警告他','装作没看见','加入他一起研究','A','2026-07-10 13:49:38'),(23,'困境选择','队友受伤龙类逼近你选择？','留下掩护队友撤离','带着队友一起撤离','独自离开求援','放弃任务','A','2026-07-10 13:49:38'),(24,'困境选择','获得一本记载禁忌言灵的古籍你选择？','上交执行部封存','私下研究','销毁它','高价出售','A','2026-07-10 13:49:38'),(25,'困境选择','好友血统不稳定有暴走风险你选择？','报告执行部请求帮助','帮他隐瞒','远离他','直接举报','A','2026-07-10 13:49:38'),(26,'困境选择','面对远强于自己的龙类你的战术是？','正面迎战','寻找弱点智取','立即撤退','呼叫支援等待','B','2026-07-10 13:49:38'),(27,'困境选择','陌生混血种求助说有龙类追杀他你会？','无条件帮助','先验证身份再决定','拒绝帮助','报告执行部','B','2026-07-10 13:49:38'),(28,'困境选择','遗迹中发现古代龙族圣物诱惑低语你选择？','立刻触碰','封锁现场并报告','带走研究','销毁圣物','B','2026-07-10 13:49:38'),(29,'困境选择','言灵在战斗中对平民造成附带伤害你选择？','继续战斗任务优先','先救助平民再处理','无视伤害','自责并放弃任务','B','2026-07-10 13:49:38'),(30,'困境选择','你是学院竞赛队长对手违规你选择？','以牙还牙','向裁判申诉','主动弃权','私下报复','B','2026-07-10 13:49:38'),(31,'困境选择','执行任务时发现秘党高层有叛徒你选择？','公开指控','秘密收集证据再行动','装作不知道','加入叛徒','B','2026-07-10 13:49:38'),(32,'困境选择','言灵修炼遇到瓶颈导师建议冒险你选择？','听从导师建议冒险','稳健道路慢慢来','放弃修炼','另寻他法','B','2026-07-10 13:49:38'),(33,'困境选择','执行部任务中捕获幼年龙类如何处理？','立刻处决','上交秘党研究','偷偷放生','据为己有','B','2026-07-10 13:49:38'),(34,'困境选择','学院实验触碰伦理底线你作为知情者？','公开反对','匿名举报','沉默','参与实验','A','2026-07-10 13:49:38'),(35,'困境选择','龙族血统觉醒感应远古龙王召唤你？','回应召唤','用意志力抵抗','寻求帮助','逃跑','B','2026-07-10 13:49:38'),(36,'困境选择','拥有一个强大但会损耗生命的言灵面对绝境？','毫不犹豫使用','不到万不得已不用','永远不使用','先尝试其他方法','D','2026-07-10 13:49:38'),(37,'困境选择','与不同派系的学员发生冲突你选择？','以武力解决','通过学院调解','暗中报复','忍气吞声','B','2026-07-10 13:49:38'),(38,'困境选择','发现学院地下隐藏实验室传出怪声你？','立即进入调查','先报告再做决定','远离那里','告知好友一起去','B','2026-07-10 13:49:38'),(39,'困境选择','对决中击败宿敌他主动示弱求饶你？','接受他的求饶','给予最后一击','放过但警告他','羞辱他一番再放','A','2026-07-10 13:49:38'),(40,'困境选择','导师要求你做违背原则的事你？','服从导师','坚守原则拒绝','表面答应但不做','辞职离开','B','2026-07-10 13:49:38'),(41,'困境选择','被龙血污染后力量提升但意识模糊你？','接受这份力量','寻求净化治疗','自行了断','利用力量复仇','B','2026-07-10 13:49:38'),(42,'困境选择','发现身边好友其实是龙族卧底你？','立刻告发','给他自首的机会','帮他隐瞒','亲手了结他','B','2026-07-10 13:49:38'),(43,'困境选择','图书馆禁令区有书能解答你的疑问你？','无视禁令进入','向教授申请许可','偷偷潜入','放弃查找','B','2026-07-10 13:49:38'),(44,'价值取向','你认为混血种的力量应该用来？','保护人类','追求个人强大','统治弱者','与龙族共存','A','2026-07-10 13:49:38'),(45,'价值取向','对于龙类你的态度是？','全部消灭','理解并和平共处','敬畏保持距离','奴役利用','C','2026-07-10 13:49:38'),(46,'价值取向','你认为混血种最大的敌人是？','龙族','人类','自己内心的黑暗','其他混血种','C','2026-07-10 13:49:38'),(47,'价值取向','力量对你而言意味着什么？','保护所爱之人','获得尊重的资本','改变世界的工具','生存的必要条件','A','2026-07-10 13:49:38'),(48,'价值取向','友情和使命之间二选一你会选择？','友情','使命','拒绝选择','随机选择','C','2026-07-10 13:49:38'),(49,'价值取向','你如何看待混血种的血之哀诅咒？','必须接受的宿命','可以战胜的挑战','一个悲剧','拒绝接受它的存在','B','2026-07-10 13:49:38'),(50,'价值取向','你认为团队中最重要的品质是什么？','个人实力','忠诚与信任','智慧谋略','执行力','B','2026-07-10 13:49:38'),(51,'价值取向','秘党的最终目标应该是什么？','消灭所有龙族','与龙族达成和平','培养最强混血种','控制人类世界','A','2026-07-10 13:49:38'),(52,'价值取向','你相信混血种和人类能真正和平共处吗？','完全可以','可以但需要努力','不可能','不关心','B','2026-07-10 13:49:38'),(53,'价值取向','拥有改变世界的力量你最先改变什么？','消灭战争','混血种统治世界','拯救濒危种族','不做任何改变','A','2026-07-10 13:49:38'),(54,'价值取向','面对不可战胜的敌人你会？','拼死一战','寻找机会反击','战略性撤退','投降保命','B','2026-07-10 13:49:38'),(55,'价值取向','你如何看待权力？','权力即责任','权力使人腐化','权力是工具','权力毫无意义','A','2026-07-10 13:49:38'),(56,'价值取向','一个人最重要的是？','血统纯正','内心品格','实力强弱','智慧高低','B','2026-07-10 13:49:38'),(57,'价值取向','你活着的意义是什么？','守护想守护的人','追求力量极致','留下自己的印记','随波逐流活着','A','2026-07-10 13:49:38'),(58,'价值取向','面对绝境时支撑你的是什么？','坚韧的意志','对他人的承诺','求生的本能','对命运的不甘','A','2026-07-10 13:49:38'),(59,'价值取向','如果成为S级混血种你最想做什么？','猎杀龙族','研究言灵奥秘','保护弱小','享受荣耀','C','2026-07-10 13:49:38'),(60,'价值取向','你认为真正的强者是什么？','不战而屈人之兵','以一敌百的武力','影响他人的领导力','无惧生死的勇气','A','2026-07-10 13:49:38'),(61,'价值取向','对于血统即命运这个说法你的看法？','完全同意','命运可以改变','宿命存在于选择中','不认同','B','2026-07-10 13:49:38'),(62,'价值取向','你认为生命中最珍贵的是什么？','自由','爱','力量','知识','B','2026-07-10 13:49:38'),(63,'价值取向','如果你能选择自己的结局你希望？','战斗中光荣牺牲','安详地老去','为后人留下传承','永远不被遗忘','A','2026-07-10 13:49:38'),(64,'价值取向','你的血型是什么？','A型','B型','AB型','O型','C','2026-07-10 13:59:59'),(65,'密党常识','楚子航的言灵是什么？','君焰','镰鼬','时间零','不朽','A','2026-07-11 22:48:50'),(66,'密党常识','在卡塞尔学院被称为\"废柴师兄\"的留级生是谁？','芬格尔','兰斯洛特','楚子航','路明非','A','2026-07-11 22:48:50'),(67,'密党常识','\"七宗罪\"在龙族原著中指的是什么？','一套屠龙炼金武器','七位龙王的统称','秘党的七条戒律','七种禁术','A','2026-07-11 22:48:50'),(68,'密党常识','夏弥的真实身份是什么？','大地与山之王','青铜与火之王','天空与风之王','海洋与水之王','A','2026-07-11 22:48:50'),(69,'密党常识','黑王尼德霍格在龙族体系中的地位是什么？','龙族始祖','四大君主之一','次代种','混血种','A','2026-07-11 22:48:50'),(70,'密党常识','康斯坦丁与诺顿是什么关系？','兄弟','父子','师生','对手','A','2026-07-11 22:48:50'),(71,'密党常识','日本蛇岐八家中上杉家的家主是谁？','上杉绘梨衣','上杉越','源稚生','源稚女','A','2026-07-11 22:48:50'),(72,'密党常识','卡塞尔学院装备部位于校园何处？','地下深处','图书馆顶层','钟楼','体育场馆','A','2026-07-11 22:48:50'),(73,'困境选择','你的言灵能力被发现来自龙血污染，执行部要求对你进行隔离观察，你选择？','全力配合隔离','逃跑躲避','主动请求净化治疗','隐瞒事实不承认','A','2026-07-11 22:48:50'),(74,'困境选择','在一次任务中，你发现屠龙的唯一代价是牺牲一个无辜者，你会？','毫不犹豫执行任务','放弃这个任务','寻找替代方案','等待上级指示','C','2026-07-11 22:48:50'),(75,'困境选择','你发现了一位同窗可能是龙王的人间体但尚未完全觉醒，你会？','立即向执行部举报','先与他交谈了解情况','暗中持续监视他','远离他不再来往','B','2026-07-11 22:48:50'),(76,'困境选择','执行部给你下达了一个高风险任务，成功概率极低但至关重要，你选择？','义无反顾单独执行','申请支援与协同再出发','拒绝这个任务','表面答应但拖延','B','2026-07-11 22:48:50'),(77,'困境选择','好友被龙血侵蚀即将完全暴走，他请求你在他失控前结束他的生命，你会？','答应他的请求','拒绝并全力寻求治疗方法','犹豫不决无法抉择','逃开不去面对','B','2026-07-11 22:48:50'),(78,'困境选择','你获得了一件能大幅提升力量但会侵蚀心智的龙族遗物，你选择？','使用它变强','上交秘党封存','私下研究其秘密','直接销毁','B','2026-07-11 22:48:50'),(79,'价值取向','你认为路明非能够一次次从绝境中站起，最根本的原因是什么？','与路鸣泽的交易','同伴的羁绊与守护','偶然降临的运气','他本就是天才','B','2026-07-11 22:48:50'),(80,'价值取向','你如何看待秘党与龙族之间持续千年的战争？','一方必须被彻底消灭','理解双方都有其困境与立场','宿命的循环无法打破','应该由人类来终结一切','B','2026-07-11 22:48:50'),(81,'价值取向','如果必须在\"强大的血统\"和\"坚定的意志\"之间选择一项，你认为哪个更可贵？','强大的血统','坚定的意志','两者同样重要','都不重要','B','2026-07-11 22:48:50'),(82,'价值取向','你相信龙族与人类之间存在和平共处的可能吗？','绝无可能','存在可能但需要双方一起努力','仅靠混血种作为桥梁','这不是我关心的问题','B','2026-07-11 22:48:50'),(83,'价值取向','如果你知道自己注定在战斗中牺牲，你最希望以何种方式离去？','为保护所爱之人而死','成为被铭记的屠龙英雄','安静离开不被任何人记住','与敌人同归于尽','A','2026-07-11 22:48:50'),(84,'价值取向','诺诺（陈墨瞳）多次拯救路明非，你认为她的行为最接近哪种动机？','出于学姐对学弟的责任感','发自内心的关怀与守护','在完成学院的指派任务','对弱者的怜悯与同情','B','2026-07-11 22:48:50');
/*!40000 ALTER TABLE `question` ENABLE KEYS */;
UNLOCK TABLES;

--
-- Table structure for table `user`
--

DROP TABLE IF EXISTS `user`;
/*!40101 SET @saved_cs_client     = @@character_set_client */;
/*!50503 SET character_set_client = utf8mb4 */;
CREATE TABLE `user` (
  `id` bigint NOT NULL AUTO_INCREMENT COMMENT '用户ID',
  `username` varchar(50) NOT NULL COMMENT '用户名（登录账号）',
  `password` varchar(100) NOT NULL COMMENT '密码（BCrypt加密）',
  `nickname` varchar(50) DEFAULT NULL COMMENT '昵称',
  `avatar` varchar(255) DEFAULT NULL COMMENT '头像URL',
  `bloodline_grade` char(1) NOT NULL DEFAULT 'D' COMMENT '血统等级：D/C/B/A/S',
  `faction` varchar(20) DEFAULT NULL COMMENT '派系：狮心会/学生会/执行部/教授',
  `status` tinyint NOT NULL DEFAULT '0' COMMENT '状态：0-待审核 1-正常 2-封禁',
  `online_status` tinyint NOT NULL DEFAULT '0' COMMENT '在线状态：0-离线 1-在线',
  `role` varchar(20) NOT NULL DEFAULT 'USER' COMMENT '角色：USER-普通用户 ADMIN-管理员',
  `signature` varchar(200) DEFAULT NULL COMMENT '个性签名',
  `create_time` datetime NOT NULL DEFAULT CURRENT_TIMESTAMP COMMENT '创建时间',
  `update_time` datetime NOT NULL DEFAULT CURRENT_TIMESTAMP ON UPDATE CURRENT_TIMESTAMP COMMENT '更新时间',
  `yanling` varchar(50) DEFAULT NULL COMMENT '言灵名称',
  `blood_type` varchar(10) DEFAULT NULL COMMENT '血型',
  `last_active_time` datetime DEFAULT NULL COMMENT '最后活跃时间（心跳）',
  PRIMARY KEY (`id`),
  UNIQUE KEY `uk_username` (`username`)
) ENGINE=InnoDB AUTO_INCREMENT=88 DEFAULT CHARSET=utf8mb4 COLLATE=utf8mb4_0900_ai_ci COMMENT='用户表';
/*!40101 SET character_set_client = @saved_cs_client */;

--
-- Dumping data for table `user`
--

LOCK TABLES `user` WRITE;
/*!40000 ALTER TABLE `user` DISABLE KEYS */;
INSERT INTO `user` VALUES (1,'norma','$2a$10$Th6c9YvSVQMXyqOtitE.IOYoenCaipTNAmIJhrpwKqqHY2YRGF0c2','诺玛','/uploads/avatars/cf163ceff2934a47b75395c8682f5d8f.jpg','S','狮心会',1,1,'ADMIN','测试个性签名_789270','2026-07-10 10:48:58','2026-07-12 10:52:37','时间零',NULL,'2026-07-12 10:52:37'),(3,'mrLiJIaTu','$2b$10$bkvOlDORcfvES90DaoBbsOKoZUzkIW20dup2Qrw5v4xJUS7zMZyXG','夕阳的刻痕(作者)','/uploads/avatars/2500d7718a0240c580666e3edefde665.png','S','学生会',1,0,'ADMIN','让你的微笑和悲伤成为我一生的刻痕','2026-07-10 11:23:11','2026-07-12 10:42:15','言灵·皇帝 · 序列号001',NULL,'2026-07-12 10:42:06'),(16,'ange','$2b$10$9.9d.e.SqYcwHIwPUGTFm.2UWJEoAsgvi3On4Kvan9KDQ9nazKP1G','希尔伯特·让·昂热','/uploads/avatars/ed0d51881b4c4020b82f3d1cd006b998.png','S','教授',1,0,'AUDITOR','凡王之血，必以剑终。','2026-07-10 15:44:16','2026-07-12 08:50:47','言灵·时间零 · 序列号023',NULL,'2026-07-12 08:50:40'),(17,'manstein','b0iHTdd2bkG5b8DqigmgA8OJhO2mwiDAvlc2okN/0gE48PwheBMZdm','曼施坦因',NULL,'A','教授',1,0,'USER','扣分是我的职责，也是我的乐趣。','2026-07-10 15:44:16','2026-07-11 07:44:15','言灵·无尘之地 · 序列号072',NULL,NULL),(18,'guderian','b0iHTdd2bkG5b8DqigmgA8OJhO2mwiDAvlc2okN/0gE48PwheBMZdm','古德里安',NULL,'B','教授',1,0,'USER','路明非是我带过最特别的学生。','2026-07-10 15:44:16','2026-07-11 07:44:15','言灵·结界 · 序列号108',NULL,NULL),(19,'schneider','b0iHTdd2bkG5b8DqigmgA8OJhO2mwiDAvlc2okN/0gE48PwheBMZdm','施耐德',NULL,'A','执行部',1,0,'USER','执行部的任务从不简单，但必须完成。','2026-07-10 15:44:16','2026-07-11 07:44:15','言灵·时间零 · 序列号023',NULL,NULL),(20,'fingel','b0iHTdd2bkG5b8DqigmgA8OJhO2mwiDAvlc2okN/0gE48PwheBMZdm','芬格尔','/uploads/avatars/32d3b45f0fcf415484c9a8f8c7c3fbbd.png','B','学生会',1,0,'USER','第八年留级生，请多关照。','2026-07-10 15:44:16','2026-07-11 07:44:15','言灵·青铜御座 · 序列号075',NULL,NULL),(21,'zero','b0iHTdd2bkG5b8DqigmgA8OJhO2mwiDAvlc2okN/0gE48PwheBMZdm','零','/uploads/avatars/3f96bf03897a4afda57979a58a291e40.png','A','狮心会',1,0,'USER','沉默是我的语言。','2026-07-10 15:44:16','2026-07-11 07:44:15','言灵·镜瞳 · 序列号089',NULL,NULL),(22,'lancelot','b0iHTdd2bkG5b8DqigmgA8OJhO2mwiDAvlc2okN/0gE48PwheBMZdm','兰斯洛特',NULL,'B','狮心会',1,0,'USER','骑士精神永不消亡。','2026-07-10 15:44:16','2026-07-11 07:44:15','言灵·雷池 · 序列号052',NULL,NULL),(23,'susan','b0iHTdd2bkG5b8DqigmgA8OJhO2mwiDAvlc2okN/0gE48PwheBMZdm','苏茜','/uploads/avatars/390b908a760244199d5fda4516edf3c5.png','A','学生会',1,0,'USER','数据分析是我的言灵。','2026-07-10 15:44:16','2026-07-11 07:44:15','言灵·风王之瞳 · 序列号082',NULL,NULL),(24,'leBlanc','b0iHTdd2bkG5b8DqigmgA8OJhO2mwiDAvlc2okN/0gE48PwheBMZdm','勒布朗',NULL,'A','执行部',1,0,'USER','炼金术士的世界你无法想象。','2026-07-10 15:44:16','2026-07-11 07:44:15','言灵·天演 · 序列号116',NULL,NULL),(30,'JR071221','$2a$10$eEyTf3vSwfOV4JuDrMbDHeiVVDcu7.VUXPo1yD1hnq.m32/GyEsES','JR071221',NULL,'A','学生会',1,0,'USER',NULL,'2026-07-10 17:45:18','2026-07-10 17:45:18','言灵·时间零 · 序列号023','D',NULL),(31,'ice123','$2a$10$7zpyPKPOkrZX7xIzVmALJeOyynA8f4kkAkfLgo8oDDX8HoapQYRQ.','爆炸打火机','/uploads/avatars/be7f9b98caff4d559a058b405d0c4ff9.jpeg','C','执行部',1,0,'USER',NULL,'2026-07-10 18:00:54','2026-07-11 07:44:15','言灵·君焰 · 序列号078','A',NULL),(33,'sjl023','$2a$10$VaS5n5R1AVDdnZgx.xKYdO77kGRUP9UHuuBDSik/pFIzyYJKqPMSO','莱克希斯',NULL,'A','执行部',1,0,'USER',NULL,'2026-07-10 19:01:24','2026-07-11 07:44:15','言灵·时间零 · 序列号023','B',NULL),(34,'Y123','$2a$10$PzXvhiwsDT.wbZKwlVSAOuxwVU2r/lPJlYReP6IuKpCMGk6TnuZoq','路明非',NULL,'B','',1,0,'USER',NULL,'2026-07-10 19:25:20','2026-07-10 19:25:20','言灵·刹那 · 序列号061','B',NULL),(36,'319466','$2a$10$lpZxZAiaZHRLBfTWSbBmWORDFDyDIVC.7onI3UMuz/ApF6rXlp392','南望桂水','/uploads/avatars/8fd9bc9bed144e15a440b268a3283f16.jpg','A','狮心会',1,0,'USER','','2026-07-11 00:43:05','2026-07-11 00:51:01','言灵·时间零',NULL,'2026-07-11 00:47:02'),(42,'chuzihang','$2b$10$4iHTdd2bkG5b8DqigmgA8OJhO2mwiDAvlc2okN/0gE48PwheBMZdm','楚子航','/uploads/avatars/c4bfb47531f54c0fb9e12b7536d588c1.jpg','S','狮心会',1,0,'USER','村雨在手，便无退路。有些事，不是能不能做，而是必须做。','2026-07-11 07:20:46','2026-07-11 07:47:35','君焰',NULL,'2026-07-11 07:44:15'),(43,'caesar_gattuso','$2b$10$4iHTdd2bkG5b8DqigmgA8OJhO2mwiDAvlc2okN/0gE48PwheBMZdm','恺撒.加图索','/uploads/avatars/b4dac886ebe944caa8bb91a38472ae32.jpg','S','学生会',1,0,'USER','加图索家的荣誉不需要解释。猎鹰终将翱翔，而我生来就是王者。','2026-07-11 07:20:46','2026-07-11 07:28:27','镰鼬',NULL,NULL),(44,'chenmotong','$2b$10$4iHTdd2bkG5b8DqigmgA8OJhO2mwiDAvlc2okN/0gE48PwheBMZdm','陈墨瞳','/uploads/avatars/1b8e33c2164c423ab3c6c482a7db728e.jpg','A','学生会',1,0,'USER','红色高跟鞋不是张扬，只是今天心情好罢了。而我的心情，你永远猜不透。','2026-07-11 07:20:46','2026-07-11 07:28:27','侧写',NULL,NULL),(45,'fingel_von','$2b$10$4iHTdd2bkG5b8DqigmgA8OJhO2mwiDAvlc2okN/0gE48PwheBMZdm','芬格尔','/uploads/avatars/4ace84889c184111b14baec215dfc854.jpg','A','执行部',1,0,'USER','卡塞尔学院最久的留级生，F级战神，情报之王。别问我为什么还没毕业——问就是在执行秘密任务。','2026-07-11 07:20:46','2026-07-11 07:47:35','青铜御座',NULL,'2026-07-11 07:44:15'),(46,'xiami_yemeng','$2b$10$4iHTdd2bkG5b8DqigmgA8OJhO2mwiDAvlc2okN/0gE48PwheBMZdm','夏弥','/uploads/avatars/8fd7a06c7bdd4da19c3563b8b6a02a4d.jpg','S','狮心会',1,0,'USER','风王之瞳，永伴君焰','2026-07-11 07:20:46','2026-07-11 07:28:27','风王之瞳',NULL,NULL),(47,'rainata','$2b$10$4iHTdd2bkG5b8DqigmgA8OJhO2mwiDAvlc2okN/0gE48PwheBMZdm','零','https://patchwiki.biligame.com/images/lzkp/5/5e/9qgypa3n20fbozv2go24ywsxjlj2nci.png','A','学生会',1,0,'USER','我不需要朋友，也不需要回忆。但如果你请我吃冰淇淋，我可以考虑多看你一眼。','2026-07-11 07:20:46','2026-07-11 07:28:27','镜瞳',NULL,NULL),(49,'prof_schneider','$2b$10$4iHTdd2bkG5b8DqigmgA8OJhO2mwiDAvlc2okN/0gE48PwheBMZdm','施耐德教授','https://patchwiki.biligame.com/images/lzkp/0/06/5nxyjnkrzzuvul6g8dmxuifm9lnnpxo.png','B','教授',1,0,'USER','执行部没有温柔可言。每一次任务都可能是最后一次。戴着呼吸机说话是我的特权。','2026-07-11 07:20:46','2026-07-11 07:28:27','无',NULL,NULL),(50,'prof_manstein','$2b$10$4iHTdd2bkG5b8DqigmgA8OJhO2mwiDAvlc2okN/0gE48PwheBMZdm','曼施坦因教授','https://patchwiki.biligame.com/images/lzkp/0/06/5nxyjnkrzzuvul6g8dmxuifm9lnnpxo.png','B','教授',1,0,'USER','纪律是卡塞尔的基石。风纪委员会的眼睛无处不在——包括你正在看的这条签名。','2026-07-11 07:20:46','2026-07-11 07:28:27','无',NULL,NULL),(51,'eriyi','$2b$10$4iHTdd2bkG5b8DqigmgA8OJhO2mwiDAvlc2okN/0gE48PwheBMZdm','上杉绘梨衣','/uploads/avatars/ca66b59d83de4820a6de0337f5f126bb.jpg','S','执行部',1,0,'USER','世界很温柔，因为有小怪兽。绘梨衣最喜欢尼桑了，尼桑说要好好活下去。','2026-07-11 07:20:46','2026-07-11 07:28:27','审判',NULL,NULL),(52,'luomingze','$2b$10$4iHTdd2bkG5b8DqigmgA8OJhO2mwiDAvlc2okN/0gE48PwheBMZdm','路鸣泽','https://patchwiki.biligame.com/images/lzkp/1/1e/5og9emplh2w5m5thcw8ls37u67sqge7.png','S','学生会',1,0,'USER','哥哥，你又遇到麻烦了吧？四分之一的生命，换一个奇迹，很划算的买卖哦。','2026-07-11 07:20:46','2026-07-11 07:28:27','全部',NULL,NULL),(53,'parsifal','$2b$10$4iHTdd2bkG5b8DqigmgA8OJhO2mwiDAvlc2okN/0gE48PwheBMZdm','帕西','https://patchwiki.biligame.com/images/lzkp/5/5e/2c3iwc0uhloiblzelh52u1ojsqdf0u9.png','A','执行部',1,0,'USER','加图索家的影子，从不站在阳光下。但影子，往往比主人更了解这个世界的规则。','2026-07-11 07:20:46','2026-07-11 07:28:27','无',NULL,NULL),(74,'XiaMu','$2a$10$7ZCgttABR1nIAdcwkIPV1uZP2wo255ki8AsjLNJWUU5LLqOplGkwy','夏目','/uploads/avatars/14109cb5cc9746f7ae60f72c5665d3b2.jpg','D','',1,0,'USER',NULL,'2026-07-11 09:03:48','2026-07-11 09:03:48','言灵·影',NULL,NULL),(75,'CunYu','$2a$10$AKd1pGDaU7eI.l5Ysd6bZ.3eUwbhM58.sEBZKgwxGHSJiAPTe5ou.','村雨','/uploads/avatars/0ce18687e3c5464b9d1ffcb2ccfdb2ee.jpg','B','学生会',1,1,'USER','寸雨握在手中的时候，我就已经没有退路了。','2026-07-11 09:54:13','2026-07-12 10:53:12','雷池',NULL,'2026-07-12 10:53:13'),(76,'8006147','$2a$10$pNsMq8QNikbdPZB15.o7puO9H9PoSYLRvLSY0aMArz7q/cab0Alwu','拉面委员会主席','/uploads/avatars/98ea6a9331d84580a75e57b929a71be0.jpg','S','教授',1,0,'USER',NULL,'2026-07-11 11:08:01','2026-07-11 15:23:26','言灵·审判',NULL,'2026-07-11 15:20:11'),(77,'Vellyn Kryos','$2a$10$Ra/qsOIeMuWepIeg5cGTI.N2k4tTJYGS9ynwbHjry003YmTdVNeDy','白咲','/uploads/avatars/8d2d32aabc4e4ebdae5187770754794f.jpg','S','执行部',1,0,'USER','还没到来的未来，转眼就是现在\n','2026-07-11 12:03:19','2026-07-12 10:40:37','言灵·皇帝',NULL,'2026-07-12 10:37:29'),(78,'斩龙者','$2a$10$CXCH78zhFv0GLbA88Qj83uwTTfb10K.wVmmf8rcaW9bya2uWwsXka','最后的黄昏','','A','狮心会',1,0,'USER','干枯的玫瑰，唤醒自卑的王','2026-07-11 13:09:15','2026-07-11 13:33:15','言灵·因陀罗',NULL,'2026-07-11 13:29:41'),(79,'汤元馅紫薯','$2a$10$YFYwtuDeWqNGZMIxcA0CCOb2qE5E2fvXE0KKmvZUrAL5C7/p50Tsy','汤元馅紫薯',NULL,'A',NULL,1,0,'USER',NULL,'2026-07-11 13:19:55','2026-07-11 20:34:11','言灵·因陀罗',NULL,'2026-07-11 20:31:11'),(80,'因陀罗','$2a$10$17O9NZ0PjDOC1yzoZDP0iORG8zwn4HwuT8oKvshOekzng9sqZiBOS','因陀罗',NULL,'S','执行部',1,0,'USER','拥有这双眼睛，胜利是必然的','2026-07-11 14:55:16','2026-07-12 10:18:18','言灵·因陀罗之怒',NULL,'2026-07-11 18:39:28'),(81,'陈洋博','$2a$10$DWkkBgcvmguQ2e1uuSBALOQEGxZ4AK41Nsfrva7Z389meQD/Mkie6','陈洋博','','B','狮心会',1,0,'USER',NULL,'2026-07-11 15:30:20','2026-07-11 17:42:36','言灵·风魔',NULL,'2026-07-11 17:39:33'),(82,'瓦尔图','$2a$10$SicGov5ubOQ.m5NKHRKLi.HvHbOociOflxnq.K3HzwefMlXagpM.G','韩羽',NULL,'S','学生会',1,0,'USER',NULL,'2026-07-11 20:08:32','2026-07-12 10:18:18','言灵·王权',NULL,'2026-07-11 22:09:41'),(83,'yigeyouyuderen','$2a$10$AUTu4QCIWVsRM3HfDOFXUey6KMHQ98nEWXDDnfSGBCnpj2j5bkA3.','一个忧郁的人',NULL,'B','学生会',1,0,'USER',NULL,'2026-07-11 20:20:21','2026-07-12 10:18:18','言灵·阴雷',NULL,NULL),(85,'ESX','$2a$10$DYedchFj/wEikqvZs8q20emO5.KEaX8k2Zwrb50l43q0kDJj7d4.e','ESX','','A','执行部',1,0,'USER',NULL,'2026-07-11 22:37:26','2026-07-11 22:37:26','言灵·镰鼬',NULL,NULL);
/*!40000 ALTER TABLE `user` ENABLE KEYS */;
UNLOCK TABLES;
/*!40103 SET TIME_ZONE=@OLD_TIME_ZONE */;

/*!40101 SET SQL_MODE=@OLD_SQL_MODE */;
/*!40014 SET FOREIGN_KEY_CHECKS=@OLD_FOREIGN_KEY_CHECKS */;
/*!40014 SET UNIQUE_CHECKS=@OLD_UNIQUE_CHECKS */;
/*!40101 SET CHARACTER_SET_CLIENT=@OLD_CHARACTER_SET_CLIENT */;
/*!40101 SET CHARACTER_SET_RESULTS=@OLD_CHARACTER_SET_RESULTS */;
/*!40101 SET COLLATION_CONNECTION=@OLD_COLLATION_CONNECTION */;
/*!40111 SET SQL_NOTES=@OLD_SQL_NOTES */;

-- Dump completed on 2026-07-12 10:53:14
